provider_id,total_reimbursement_amount
010001,73643171
010005,27986286
010006,40555419
010007,5392342
010008,2395403
010011,41560243
010012,11016190
010016,28182845
010018,212365
010019,20216684
010021,6758108
010022,2441789
010023,56076178
010024,39267844
010025,7222437
010027,94339
010029,47222910
010032,1882347
010033,212749894
010034,4980536
010035,25999645
010036,8069698
010038,9930238
010039,157761422
010040,45434090
010043,71985
010044,2359779
010045,4105610
010046,25496661
010047,1729694
010049,6578682
010050,1796874
010051,1227921
010052,2072988
010054,4898436
010055,37046762
010056,56101330
010058,767761
010059,3492814
010061,8384884
010062,5255359
010065,11275352
010066,391182
010069,5439284
010073,3775313
010078,39625619
010079,12160945
010083,14320822
010085,27991806
010086,5724113
010087,18077937
010089,20788842
010090,43316079
010091,2729375
010092,122316812
010095,900474
010097,1773017
010099,3609578
010100,22516780
010101,7782777
010102,558730
010103,52335293
010104,44714792
010108,5297941
010109,4824910
010110,3020978
010112,6261340
010113,83841917
010114,18185350
010118,21352817
010120,2414538
010125,5404809
010126,4155864
010128,848292
010129,4179117
010130,3759718
010131,28335748
010138,837254
010139,56206818
010144,24335241
010146,4726776
010148,4338573
010149,15404918
010150,4958642
010152,199035
010157,14936447
010158,5685072
010164,10751223
010168,11567793
010169,3851661
011300,369514
011302,517896
011304,455108
012006,6845951
012007,9915013
012008,9133775
012009,7764614
012010,10199033
012011,8324326
012012,8094506
012013,2808334
013025,32176906
013027,3412462
013028,20266183
013029,20201613
013030,13807387
013032,13141927
013033,16894080
013300,1019795
013301,399843
014000,964427
014006,511552
014007,801025
014008,498331
014009,1489725
014012,3675973
014014,43311
014016,2880909
014018,3161662
020001,77288584
020006,19547727
020008,6886683
020012,23895633
020017,28349188
020024,10123284
020026,27618568
020027,2038803
021301,647385
021302,393631
021303,1258176
021304,518526
021305,545596
021306,2384983
021307,134431
021308,2195281
021310,1953815
021311,4716919
021313,3461782
022001,12411875
024002,2392424
030001,6699689
030002,94793004
030006,78013009
030007,26271364
030010,36965620
030011,42467257
030012,33393932
030013,59643318
030014,43201649
030016,19096167
030022,24158101
030023,79969563
030024,101636678
030030,35939557
030033,10107262
030036,46657107
030037,22707215
030038,51104655
030043,14636990
030055,36464899
030061,65958467
030062,16387704
030064,89668639
030065,58832889
030067,3847041
030068,4568520
030069,35390703
030071,4359991
030073,5800020
030074,226356
030077,161367
030078,2821245
030083,8200549
030084,3803119
030085,44708347
030087,54162582
030088,60450439
030089,57198940
030092,25347078
030093,50693154
030094,25377803
030100,623961
030101,26957821
030103,87187982
030105,28072558
030107,3951180
030108,3943498
030110,17605005
030111,16891644
030112,3254222
030113,1339128
030114,20307147
030115,26995459
030117,10660158
030118,9632541
030119,29530289
030120,1405039
030121,32567992
030122,21531356
030123,19264341
030126,5222573
030130,2359751
030131,13706091
030132,1075251
031300,1191780
031301,973457
031302,882215
031303,392854
031304,486331
031305,1130348
031309,1685569
031311,1483840
031312,441740
031313,375763
031314,4844864
031315,1124454
032000,14899289
032001,7828563
032002,6811510
032004,6413811
032005,12726130
032006,9163339
032007,8091655
032008,5639705
033025,13517154
033028,17006262
033029,13259264
033032,15517674
033034,13591776
033036,14627527
033037,13100725
033302,1224481
034004,965996
034013,4324679
034022,1147027
034023,581054
034024,2123966
034025,392247
034026,7359599
040001,4417270
040002,7668199
040004,45667646
040007,92745856
040010,27025416
040011,5156263
040014,44689513
040015,7071976
040016,85756465
040017,13604963
040018,2964792
040019,3919211
040020,66533748
040022,39735533
040026,48643590
040027,41691061
040029,27824812
040036,50466363
040039,15927130
040041,18868659
040042,14155670
040047,3787766
040050,4521949
040051,4284123
040055,63182763
040062,41734076
040067,3560446
040069,4196056
040071,37109269
040072,4326290
040074,6871354
040076,4859911
040078,30000502
040080,5513797
040084,19105123
040085,4176648
040088,19324035
040114,102484543
040118,24618936
040119,36633135
040132,1642033
040134,43790247
040137,4253898
040147,14797856
040152,4211010
040153,3335158
041300,565527
041302,3227380
041303,1566289
041304,686607
041305,931038
041306,924464
041307,2067082
041308,1531434
041309,962474
041310,2931630
041311,1155309
041312,2275889
041313,1165349
041314,1302805
041316,1305700
041317,682233
041318,1089618
041319,3359793
041320,1275862
041321,2235763
041322,1508680
041323,4355479
041324,2219234
041326,1256068
041327,2801079
041328,2115696
041329,1601713
041330,1571767
041331,1896170
042000,10182436
042004,4148979
042006,11365527
042008,5879312
042009,10578634
042010,8560157
042011,5451359
042012,7096819
043026,13714384
043028,15475147
043029,18114452
043031,18993736
043032,14159988
043033,4840110
043034,2887594
043300,1417041
044004,3556187
044005,5156826
044006,1516646
044007,1125264
044011,3110342
044019,3566108
044020,457749
050002,36476793
050006,41206216
050007,53414550
050008,22466086
050009,47810466
050013,43678815
050014,13076393
050016,11020147
050017,88988586
050018,14806287
050022,63418379
050024,49188695
050025,142957959
050026,102637627
050028,4469259
050030,48083062
050036,43535944
050038,64448820
050039,88811896
050040,10193796
050042,12204657
050043,80544083
050045,25577751
050046,3041744
050047,102055872
050054,7431488
050055,16094400
050056,53968023
050057,94264267
050058,51721407
050060,132199279
050063,68360150
050067,3210215
050069,61275384
050070,2726154
050071,22773796
050072,5729454
050073,9285185
050075,19560841
050076,15319830
050077,110175736
050078,21865933
050079,33792242
050082,55991805
050084,70787376
050089,14393731
050090,8016267
050091,5954234
050093,109248422
050096,629104
050099,39327016
050100,80640441
050101,20355590
050102,23809341
050103,62746533
050104,37431678
050107,52234497
050108,134467999
050110,7563218
050111,12608112
050112,65628451
050113,4190813
050115,54824031
050116,57926522
050118,11727029
050121,38629127
050122,22479799
050124,18362669
050125,95965349
050126,59427440
050127,9856100
050128,51177314
050129,46163842
050131,9969834
050132,45297637
050133,71759117
050135,43737364
050136,10582600
050137,2820748
050138,27416347
050139,5063029
050140,13663899
050145,81556079
050146,50531130
050149,25170381
050150,22048176
050152,36583495
050153,64771787
050158,14862415
050159,21348548
050167,14995611
050168,49844615
050169,49749248
050174,82451123
050179,37582138
050180,95127603
050189,6294442
050191,32867475
050192,1584697
050194,23417532
050195,93249573
050197,36206787
050204,32833305
050205,9775112
050211,15530525
050222,56179573
050224,86835329
050225,27888799
050226,33911561
050228,54294695
050230,27752693
050231,53930150
050232,23466337
050234,6530934
050235,81141812
050236,19533751
050238,80401925
050239,115339473
050242,72245340
050243,42314412
050245,28567657
050248,21271446
050254,27562639
050257,8666813
050261,23209974
050262,175609768
050272,17803823
050276,14253243
050277,17635565
050278,57563852
050279,7026126
050280,89242089
050281,26362873
050283,42923523
050289,47880334
050290,61879122
050291,29879409
050292,24718043
050295,30526031
050296,8793609
050298,9296066
050300,41003438
050301,14988014
050305,72080961
050308,93675385
050309,81348895
050313,10986405
050315,9340004
050320,32687324
050324,57921019
050327,119506818
050329,23553099
050334,77320839
050335,31491171
050336,28742817
050342,15055841
050348,98107641
050349,203990
050350,29041656
050351,56669939
050352,11083468
050353,53504717
050357,6672294
050359,12740964
050360,63337406
050367,49724351
050373,30046309
050376,25634988
050378,11411624
050380,77161965
050382,73845411
050385,8170930
050390,32197784
050393,32004506
050394,36788416
050396,84908509
050397,1437685
050407,6288336
050411,3961825
050414,18062343
050417,12182615
050423,4424735
050424,58511880
050425,10759728
050426,32560710
050434,2816820
050435,5855637
050438,102399377
050441,263629247
050444,55946969
050454,243772123
050455,47243524
050457,45838060
050464,68430067
050468,24314868
050471,65580375
050481,42902051
050485,92959444
050488,50306224
050492,23311063
050496,62417679
050498,18267287
050502,72569179
050503,35046864
050506,17799769
050510,2643744
050512,5791312
050515,7280919
050516,94250716
050517,10407127
050523,31887640
050526,19558049
050528,6142572
050531,3975235
050534,22673798
050537,7525660
050541,3178387
050543,1632586
050546,355877
050547,966563
050548,230162
050549,78862862
050551,32856781
050552,524457
050557,69501487
050561,3648514
050567,63638051
050568,10706579
050570,63708064
050573,104905956
050575,15694741
050580,21350710
050581,27926192
050586,18462210
050588,11338636
050589,7513380
050590,36797688
050597,11546216
050599,187864672
050603,41052550
050604,6474732
050608,10781228
050609,6502036
050616,17183401
050618,477198
050624,37313714
050625,377322106
050633,19083168
050636,20107835
050641,9488338
050644,12555208
050660,5419742
050663,38609006
050668,594508
050674,10817504
050677,3509895
050678,27288044
050684,7487760
050686,4682120
050688,16268510
050689,16949242
050690,2880017
050696,109691315
050697,682735
050701,27711356
050704,42619967
050708,11750372
050709,25254556
050710,1971922
050714,2383626
050717,7327480
050723,3287484
050724,27074167
050726,3491136
050727,10866889
050732,15375941
050735,15800786
050736,10137348
050737,61335622
050738,7525241
050739,95089746
050740,17603334
050742,34579551
050744,8168258
050745,5568201
050746,17552752
050747,11719771
050748,2222306
050749,1280714
050751,413512
050752,32555188
050754,364801
050755,27513067
050757,37731143
050758,9781367
050760,4361604
050761,67141481
050763,24536329
050764,53260277
050765,2201027
050766,3644230
050767,3046402
050768,6245867
050769,21718680
050770,25735891
050771,12277970
050772,6896892
051300,1079769
051301,624210
051302,120217
051303,2418740
051304,779606
051305,864056
051306,1193274
051307,382642
051308,45326
051310,11736155
051311,3076642
051312,579997
051314,1288036
051315,1523897
051316,8843909
051317,7613382
051318,7137083
051319,5263924
051320,4060565
051321,5283958
051323,1880105
051324,6531309
051325,5706441
051326,1145022
051327,1089974
051328,8208624
051329,11653681
051330,433742
051331,1431116
051332,9697347
052031,32651674
052032,36084103
052033,14583798
052034,21991429
052035,35885151
052036,22873766
052037,36329299
052038,76648959
052039,15136305
052043,13881806
052044,25842027
052045,32633413
052046,64139067
052047,28548217
052049,22789872
052050,41825470
052051,14646081
052052,17366132
052053,8032748
052054,22521815
053027,19083893
053031,26528701
053032,23563985
053034,18277097
053037,12275451
053300,289768
053301,270207
053302,821978
053303,357677
053304,161338
053305,1671161
053309,214368
054009,7174130
054032,3110825
054053,8676737
054055,9140840
054069,9204095
054074,4416713
054075,10557615
054077,4312582
054078,6403003
054087,6898999
054093,1875956
054095,1679237
054096,3916250
054104,12544391
054110,7531743
054111,2929185
054123,3778184
054124,630432
054125,1045735
054130,966636
054131,2755086
054135,8813950
054144,3958846
054145,7670201
054146,748874
060001,44593530
060003,23050189
060004,7221741
060006,11735324
060008,4896124
060009,34845229
060010,49232277
060011,33614284
060012,22241515
060013,19712102
060014,33165272
060015,42487841
060016,6227336
060020,51567486
060022,68871912
060023,57484913
060024,122843840
060027,28230091
060028,19668610
060030,13482038
060031,63333538
060032,34529975
060034,56610462
060036,5044989
060043,619935
060044,7361070
060049,5421048
060054,5556520
060064,41061433
060065,13211625
060071,5522743
060075,10093445
060076,5344889
060096,10273937
060100,43269828
060103,7641570
060104,17067744
060112,33408218
060113,20014115
060114,19675726
060116,9790736
060117,2253892
060118,2056572
060119,44530643
060124,7039259
061300,172926
061301,733113
061302,1435862
061303,2149269
061304,412380
061305,704294
061306,666925
061307,726521
061308,394503
061309,1113332
061310,417516
061311,370706
061312,1975863
061313,661222
061314,3667949
061315,1675070
061316,770384
061317,2290892
061318,781150
061319,538004
061320,1112293
061321,2705011
061322,4663190
061323,1617298
061324,4421775
061325,562186
061326,1758847
061327,4703794
061328,789944
062009,5108571
062011,3574832
062012,9253969
062013,4929052
062014,9883845
062015,11611003
062016,7158797
062017,3708761
063027,5674262
063030,10871965
063033,11785374
063301,530212
064001,1341122
064003,1078799
064007,2072390
064009,1577263
064018,4222852
064023,1135291
064024,2204350
064025,131057
064026,5135577
070002,144569026
070003,11948772
070004,15853649
070005,46752244
070006,56387637
070007,56591978
070008,9622743
070010,72291795
070011,26202264
070012,12906938
070015,8760190
070016,48244244
070017,36151336
070018,43914479
070019,12958608
070020,53166802
070021,21064873
070022,408133423
070024,42126975
070025,204906168
070027,27213854
070028,78996047
070029,20867257
070031,23953136
070033,91153204
070034,54081465
070035,64241794
070036,51367257
070039,9453889
070040,6261704
072003,25235141
072004,8128229
072006,27799
073025,7057020
073300,82533
074003,5224086
074008,2297565
074011,181558
074012,372167
074014,1235240
080001,261669589
080003,18446115
080004,59834058
080006,29961486
080007,53510185
080009,35229563
082000,10225764
083300,178788
084002,6236577
084003,6794726
084004,4047856
090001,67233505
090003,33546585
090004,83893103
090005,28219270
090006,42490443
090008,17683916
090011,241487987
092002,16907950
092003,13448816
093025,18266707
093300,1824482
094001,921362
094004,2592274
100001,81863534
100002,72127695
100006,157794424
100007,375068082
100008,89539158
100009,99929908
100012,125685827
100014,11610517
100017,59533758
100018,120926279
100019,87900417
100022,151477554
100023,39435934
100025,69876691
100026,60818546
100028,22387709
100029,57170182
100030,23724336
100032,39122640
100034,103867952
100035,49879685
100038,76806866
100039,59624637
100040,101646172
100043,11808747
100044,63394685
100045,21160420
100046,25153876
100047,22282207
100048,1404470
100049,14990429
100050,19815380
100051,19001234
100052,50213535
100053,27468306
100054,7517656
100055,11697432
100057,51871883
100062,82710887
100063,24326563
100067,45889816
100068,55343968
100069,13505200
100070,54843730
100071,24161568
100072,22442069
100073,71772918
100075,89175032
100076,14009483
100077,45110099
100079,5987574
100080,89103796
100081,3234494
100084,73137844
100086,32761047
100087,119715802
100088,97431790
100090,59262251
100092,38186594
100093,57043803
100099,11501385
100102,7660274
100105,59679786
100106,3448485
100107,9441519
100109,45131106
100110,44041500
100113,225421788
100117,16802602
100118,26353114
100121,8440092
100122,19701583
100124,10010137
100125,17046201
100126,19579336
100127,77020268
100128,171767227
100130,5018894
100131,60801410
100132,12621979
100134,1506382
100135,57500029
100137,24138206
100139,660388
100140,7030307
100142,8432980
100150,13487766
100151,81755062
100154,32166731
100156,17605944
100157,97991919
100161,26174902
100166,30897024
100167,59159470
100168,71628215
100173,57274193
100175,5305684
100176,38155393
100177,15915216
100179,64245082
100180,17498431
100181,31022527
100183,15310194
100187,48062069
100189,27840544
100191,33380174
100200,14919979
100204,98447518
100206,13745307
100209,39535762
100211,7475774
100212,56554452
100213,54113720
100217,16620927
100220,82228910
100223,43076933
100224,21691239
100226,53303457
100228,28967710
100230,11710522
100231,49962172
100232,20628139
100234,12371700
100236,49752782
100238,29996471
100239,8008387
100240,160013
100242,32125123
100243,50667907
100244,41347969
100246,62119068
100248,67284599
100249,29668507
100252,16515866
100253,37472865
100254,26172899
100255,9360202
100256,40668974
100258,75259604
100259,22799438
100260,43678904
100264,46661324
100265,40995565
100266,12647471
100267,10362337
100268,15548307
100269,20320635
100271,54196852
100275,22227713
100276,16413625
100277,535070
100281,34234464
100284,24687218
100285,8867962
100286,45277477
100287,27531250
100288,25823655
100289,33113938
100290,54458596
100291,13546304
100292,14971605
100296,21530998
100299,12678034
100302,8677578
100307,31723472
100313,1155847
100314,13836874
100315,11267069
100316,14070933
101300,585451
101301,3171677
101302,599260
101303,195690
101304,1056297
101305,705114
101307,2000921
101308,1504857
101309,1737887
101310,4186838
101311,425208
101312,3147862
101313,4638664
102001,15982677
102003,22104151
102009,30390307
102010,50338635
102012,20531548
102013,19950206
102015,13990729
102016,13284904
102017,9480752
102018,14559392
102019,5447436
102020,8814895
102021,9734923
102022,12553046
102023,16089279
102024,18370104
102025,14222498
102026,13694594
102027,11558288
103026,19059035
103027,7618226
103028,30354416
103031,30259374
103032,19732383
103033,15989224
103034,18893364
103036,12356421
103037,19104306
103038,17366013
103039,37093766
103040,18142803
103042,24974135
103300,442045
103301,700720
104008,1166412
104016,10037407
104017,13782718
104018,2053408
104024,3113155
104026,8344348
104027,794304
104040,1950520
104049,4897952
104057,10055615
104059,2102252
104063,13830249
104065,1957560
104067,3646715
104068,1069569
104069,5359772
104070,11810926
104071,2595329
104072,5117289
104073,3605387
110001,32032696
110002,9905889
110003,25272577
110004,7068806
110005,28521023
110006,29687427
110007,73604410
110008,13282364
110010,161033716
110011,28029388
110015,7236099
110016,20269844
110018,14949553
110023,13937787
110024,34528002
110025,50298654
110026,2886061
110027,5078020
110028,78684579
110029,108822783
110030,20430297
110031,24235142
110032,5799655
110034,82610121
110035,112735982
110036,93385210
110038,41313333
110039,10795845
110040,4313228
110041,5586443
110042,4917974
110043,49423006
110044,6566008
110045,5584585
110046,9874852
110050,1435707
110051,4828847
110054,54666591
110064,35308818
110069,36670779
110071,6946167
110073,3156697
110074,67514245
110075,21569367
110076,54511690
110078,102036533
110079,71583304
110082,59066927
110083,94960904
110086,3254271
110087,78084318
110089,12854781
110091,23096921
110092,3715412
110095,29441058
110100,1727521
110101,2639554
110104,7484849
110105,12686846
110107,123624312
110109,3987064
110111,1629073
110112,1521469
110113,783275
110115,43144320
110121,2102986
110122,48224670
110124,8166797
110125,18770460
110128,11944077
110129,46894497
110130,737810
110132,3110259
110135,2959106
110142,2390981
110143,55106173
110146,5221607
110150,8786291
110153,4325202
110161,33952985
110164,43347819
110165,32096091
110168,51829681
110177,45869754
110183,3598621
110184,18826753
110186,3555154
110187,4902946
110189,4998939
110190,1447350
110191,34981886
110192,35141079
110194,2564512
110198,18278127
110200,15598133
110201,7363173
110203,9160059
110205,2840748
110209,13853551
110215,34898754
110219,3710061
110225,8522970
110226,10565706
110229,20248775
110230,12466738
111300,343288
111302,474106
111303,247034
111304,280730
111305,935127
111306,991090
111308,757890
111309,195552
111310,1083787
111311,365264
111312,732822
111313,1294361
111314,1523978
111315,427654
111316,826903
111318,957182
111319,169468
111320,2154795
111321,1250991
111322,358507
111323,4507157
111324,511669
111325,3259208
111326,456965
111327,3978222
111328,440744
111329,1172898
111330,480746
111331,308694
111332,496908
111333,1590905
111334,1562221
111335,2275766
111336,1451810
112000,4450680
112003,4347397
112004,10191133
112005,3634018
112006,8175384
112007,8310826
112009,7142512
112010,11521562
112011,9027879
112012,8878734
112013,22115025
112014,9525547
112015,7047616
112016,16832985
112017,12000873
113026,4876853
113028,2827695
113029,11101683
113300,1440446
114004,7354723
114008,2512386
114010,15836473
114012,3498024
114013,322779
114015,2598820
114016,3779389
114019,1139387
114021,787316
114028,534578
114029,1125236
114032,15564755
114035,7869502
120001,92567485
120002,33600782
120004,11116517
120005,21258947
120006,20427683
120007,27944573
120011,8349503
120014,10201310
120019,9028055
120022,31585548
120026,24530611
120028,3963706
121300,1593052
121303,119643
121304,130623
121306,480157
123025,11339047
123300,442161
124001,595147
130002,31741025
130003,24963628
130006,78606915
130007,47675605
130013,10950008
130014,10359234
130018,36773359
130025,4226465
130028,39906712
130049,47076324
130063,1087721
130065,4483303
130066,2661355
131301,229545
131302,2121803
131303,228737
131304,51636
131305,1427797
131307,1710250
131308,56489
131309,665214
131310,684211
131311,1464912
131312,1897061
131313,955497
131314,900448
131315,974348
131316,1525627
131317,1334880
131318,571425
131319,2136007
131320,1838055
131321,2140806
131322,1569076
131323,5142579
131324,211324
131325,8154002
131326,5532393
131327,4540931
131328,4593709
132001,10374169
132002,9178671
132003,7686566
133025,4303803
134002,3762485
134009,924290
134010,2529001
134011,1116188
140001,6181647
140002,23028102
140007,98848294
140008,29400294
140010,148719720
140011,30539518
140012,13577532
140013,20090850
140015,52055838
140018,34371553
140019,2132461
140026,8994753
140029,37216018
140030,52066422
140032,20679212
140033,5381092
140034,20020026
140040,13290697
140043,19687075
140046,32482408
140048,32859991
140049,29850094
140051,38495623
140052,16214886
140053,97129895
140054,48734226
140058,12875650
140059,4146990
140062,75837568
140063,21473159
140064,13916369
140065,37597750
140067,139849579
140068,10383487
140077,3941446
140080,40438728
140082,40210320
140083,12674181
140084,39872514
140088,159423348
140089,7236010
140091,74658658
140093,18430192
140095,14298367
140100,5759111
140101,15868886
140103,18205800
140110,8996290
140113,31612009
140114,60699733
140115,15811758
140116,41569583
140117,81791631
140118,34771951
140119,187079415
140120,9968546
140122,43541512
140124,37508136
140125,18182692
140127,28338764
140130,19586925
140133,38288856
140135,43961456
140137,4093157
140143,7324215
140145,3684317
140147,5785342
140148,126133359
140150,84042920
140151,9349676
140155,24059586
140158,61325401
140160,14921035
140161,6097216
140162,23689082
140164,43588196
140166,32971794
140167,4819003
140172,73608759
140174,31258189
140176,19913767
140177,19713782
140179,45695458
140180,62632895
140181,16108060
140182,49624853
140184,16805067
140185,54673248
140186,53811527
140187,36274399
140189,20759526
140191,66267982
140197,13941084
140200,58076830
140202,61216067
140206,19450072
140208,202539015
140209,56084481
140210,6679013
140211,23994240
140213,63457889
140217,41298215
140223,129124959
140224,43975500
140228,51045129
140231,65664446
140233,52505608
140234,9535578
140239,48811778
140240,20960759
140242,76679475
140250,33848473
140251,33016535
140252,72598175
140258,98148836
140275,13083752
140276,149590376
140280,51584876
140281,181335967
140286,19082954
140288,63456791
140289,21863912
140290,50578254
140291,35656761
140292,18561757
140294,6362936
140300,977619
140304,15741494
141300,536463
141301,1794017
141302,710769
141303,1649292
141304,926310
141305,1728787
141306,884051
141307,1778256
141308,377208
141309,1097427
141310,4476440
141311,2819645
141312,3855464
141313,1360503
141315,1590882
141316,1115214
141317,5040890
141318,1635713
141319,3202041
141320,1650043
141321,1228278
141322,5991816
141323,3310394
141324,2010159
141325,2666741
141326,1729084
141327,4851780
141328,1760440
141329,127750
141330,1929455
141331,1848906
141332,1208123
141333,472706
141334,3339172
141335,1808986
141336,2603677
141337,4550556
141338,2398391
141339,5046461
141340,4020105
141341,1018350
141342,1625486
141343,2644143
141344,1426452
141345,3381441
141346,1844834
141347,1364546
141348,1913568
141349,1280051
141350,3771431
141351,2248153
142006,13077830
142008,26295125
142009,26863083
142010,32967114
142011,27977280
142013,10767800
142014,6067477
143025,9887848
143026,26721241
143027,28374665
143028,16164492
143300,897315
144005,4516328
144009,7460354
144016,139580
144021,1889944
144026,1839415
144028,112865
144029,1683711
144031,13985220
144035,4087580
144038,1411782
150001,8051746
150002,76737663
150003,8855899
150004,32940260
150005,15696502
150006,21155866
150007,16432569
150008,36592611
150009,43153838
150010,21268939
150011,18721809
150012,54233368
150015,24891653
150017,63907149
150018,43230581
150021,75494764
150022,4738463
150023,67324776
150024,45085132
150026,15558063
150030,9370434
150034,51291886
150035,51188801
150037,12517573
150038,5542344
150042,32668995
150044,52139542
150045,3214627
150046,24417120
150047,17183464
150048,68025997
150051,51140473
150056,254434515
150057,14731180
150058,61346774
150059,19654353
150061,11794796
150064,6131515
150065,8876973
150069,12763437
150072,6942548
150074,39924905
150075,4560378
150076,5976439
150082,77943232
150084,142101771
150086,12909482
150088,26513262
150089,76303049
150090,29823307
150091,3475308
150097,8841259
150100,60210102
150101,2237220
150102,2458125
150104,7761858
150109,32291350
150112,35418254
150113,23063961
150115,21041024
150125,106646030
150126,33416227
150128,24810704
150129,8089805
150133,7148322
150146,3499776
150149,243204
150150,4544022
150153,37035053
150154,19889062
150157,12437834
150158,19410551
150160,11386382
150161,15053691
150162,80719850
150163,4964938
150164,4861687
150165,3335225
150166,4013994
150167,8135661
150168,9824080
150169,44737220
150172,324043
150173,36415228
150175,9658350
150176,8046699
150177,6854489
151300,1314673
151301,1938731
151302,1467071
151303,1226182
151304,1388969
151305,1962426
151306,1087607
151307,1688624
151308,2131546
151309,2018870
151310,2478357
151311,3759954
151312,2208336
151313,3709298
151314,1127965
151315,2808571
151316,2089300
151317,6078273
151318,2398763
151319,2534887
151320,3588668
151322,3973425
151323,1431847
151324,4313182
151325,2935920
151326,3643871
151327,2637978
151328,5590106
151329,4961059
151330,4054445
151331,4930661
151332,3983265
151333,2838413
151334,3016808
151335,3780613
152007,10873112
152008,15463316
152012,17784105
152013,8698932
152014,16560034
152016,6052021
152018,9343859
152020,22653652
152021,6136867
152024,15189155
152025,9396985
152026,5658740
152027,4439843
152028,14824100
153025,22350495
153028,11472368
153030,3841257
153037,7552647
153039,5895204
153040,1212470
154005,695665
154009,1137452
154011,396733
154014,417123
154019,170281
154020,811346
154021,617113
154024,1779654
154031,1110632
154035,332214
154041,217129
154047,200605
154050,380891
154051,7320260
154053,1571492
154055,1352446
160001,8681512
160005,5829234
160008,5090581
160013,5647707
160016,17730785
160024,22893307
160028,19914452
160029,26344340
160030,30319882
160032,4522361
160033,67677463
160040,5114880
160045,48520321
160047,15606308
160057,29232259
160058,148257664
160064,48034395
160067,23688587
160069,30405442
160079,34127282
160080,20430162
160082,93491940
160083,127181424
160089,14716355
160101,2968917
160104,11897603
160110,44659667
160112,8588300
160117,19712172
160122,4776117
160124,2758227
160146,21743438
160147,4023543
160153,39062907
161300,548164
161301,1239360
161302,5825764
161303,1013915
161304,846827
161305,735791
161306,1270170
161307,880858
161308,959300
161309,2574736
161310,646077
161311,400373
161312,1181338
161313,283303
161314,2030116
161315,697025
161316,1276977
161317,937814
161318,2272901
161319,641163
161320,815753
161321,578363
161322,934254
161323,1233607
161324,860088
161325,2055127
161326,1309232
161327,1350754
161328,663955
161329,629276
161330,631620
161331,1653252
161332,619551
161333,763345
161334,689078
161335,1250752
161336,581646
161337,658380
161338,466640
161339,2508065
161340,730604
161341,1214934
161342,1444146
161343,2694391
161344,1586579
161345,2011092
161346,764034
161347,2916669
161348,2431175
161349,685105
161350,1766272
161351,2559911
161352,2125976
161353,1630800
161354,1437078
161355,1938086
161356,1478077
161357,1234080
161358,1689897
161359,2481795
161360,2201235
161361,3423204
161362,1160249
161363,4096522
161364,2654031
161365,2455758
161366,1003797
161367,4022086
161368,2118031
161369,1288626
161370,1702497
161371,2874118
161372,4826115
161373,1762257
161374,2351831
161375,6219555
161376,2342279
161377,1713380
161378,82699
161379,5146372
161380,1424855
161381,1296282
162001,11225009
162002,4879884
164002,705592
164003,602474
164004,922011
164005,693658
170001,8618228
170006,13384481
170009,6947834
170010,2577801
170012,35059387
170013,35706486
170014,5920526
170016,40481565
170017,5934243
170020,36632774
170023,13407879
170027,7628611
170039,3063134
170040,142226758
170049,30110252
170058,4988622
170068,4509069
170074,3147983
170075,625941
170086,78393772
170094,3594223
170103,11669401
170104,44655344
170105,3523605
170109,1386142
170110,611228
170120,11085339
170122,129833464
170123,89270565
170133,2780601
170137,23286279
170142,16071039
170145,7302530
170146,27493340
170150,2817926
170166,2866943
170175,6284606
170176,18415788
170180,1423219
170182,21059439
170183,5741320
170185,17148495
170186,13179374
170187,2972073
170188,3339769
170190,1123145
170191,7991949
170194,1581228
170196,9910092
170197,17552812
170198,881942
170199,990809
170200,7242859
170203,631179
171300,226300
171301,507770
171302,164621
171303,225555
171304,494603
171306,395843
171307,634143
171308,478175
171309,186616
171310,1140081
171311,1361778
171312,330271
171313,797846
171315,814502
171316,423010
171317,2619969
171318,960105
171319,627603
171320,904846
171321,1825624
171322,285095
171323,158308
171324,491166
171325,784020
171326,507103
171327,1905086
171328,456951
171329,714298
171330,1156650
171331,452204
171332,495034
171333,1176139
171334,1155629
171335,793285
171336,551910
171337,533397
171338,385550
171339,1341284
171340,677506
171341,2328146
171342,293331
171343,302285
171344,1042191
171345,962912
171346,846945
171347,300665
171348,629747
171349,1790353
171350,552430
171351,545885
171352,449085
171353,570640
171354,1474622
171355,1193862
171356,507185
171357,757517
171358,388336
171359,487734
171360,680433
171361,1895679
171362,1507588
171363,1575775
171364,609544
171365,185459
171366,769079
171367,1311322
171368,708843
171369,266808
171370,962277
171371,1512438
171372,1399701
171373,1517163
171374,3460903
171375,5785638
171376,3610843
171377,1315678
171378,1030077
171379,731809
171380,6467130
171381,2450827
171382,3503052
171383,2240072
172003,4422186
172004,4932993
172005,12742933
172006,8107815
172007,12241510
173025,14851509
173026,23583514
173027,9831147
173028,6499865
174004,5836179
174006,2578744
174010,1104672
174016,994185
180001,17350205
180002,7590567
180004,4327057
180005,13172117
180009,77925284
180010,72209840
180011,25247761
180012,39483831
180013,63478188
180016,5841382
180017,19468479
180018,16713866
180019,6843425
180020,4667819
180021,5393134
180024,4697308
180025,8606843
180027,11982633
180029,37948594
180035,81841859
180036,22293848
180038,79805695
180040,164063607
180043,7672132
180044,67243930
180045,22138517
180046,2572424
180048,27306039
180049,10815640
180050,11677058
180051,19001488
180053,3648571
180056,12150665
180064,6388994
180066,4134719
180067,151943964
180069,6938078
180070,8318623
180078,5849224
180079,4839023
180080,27657825
180087,8988699
180088,196688424
180092,5701466
180093,31481333
180095,2835409
180101,4257682
180102,42856421
180103,64751941
180104,46801868
180105,5046403
180106,4149388
180115,2952312
180116,12883080
180117,2218174
180124,13994509
180127,11369348
180128,6145650
180130,93650824
180132,45617016
180138,6113034
180139,4671380
180141,59088295
180143,18929492
180149,2806943
181301,1713658
181302,1241135
181303,875614
181304,467274
181305,1329925
181306,1477440
181307,1046487
181308,1243166
181309,1784986
181310,1335923
181311,1041237
181312,1118027
181314,901233
181315,1174522
181316,1292585
181317,1867668
181318,2068831
181319,1486370
181320,1706299
181321,850729
181322,1388436
181323,2329828
181324,655254
181325,1649868
181327,2085536
181328,2094181
181329,3026524
181330,1956013
181331,1396530
182001,24418940
182002,9065328
182003,10520217
182004,5485515
182005,5365410
182006,5492346
183026,20990507
183027,13395131
183028,7554184
183029,14343625
183030,11952132
184002,4452462
184004,5186632
184007,3554317
184008,1892190
184009,5570496
184012,7976578
184014,927906
184015,2103677
184017,707380
190001,3754559
190002,60361241
190003,11775215
190004,27346105
190005,15994233
190006,2630808
190007,7253423
190008,41344301
190009,1395807
190011,3364977
190013,10516394
190014,10346289
190015,37388034
190017,33773862
190019,46922177
190020,11683630
190025,6598050
190026,60466572
190027,30174742
190034,5760710
190036,113720701
190039,35588946
190040,17258004
190041,36169117
190044,10162062
190045,30233778
190046,32247080
190050,5320307
190053,9577381
190054,11583950
190060,39346064
190064,83792132
190065,71407019
190079,3174409
190081,3203322
190086,15737023
190088,4234060
190090,2682423
190098,45391362
190099,3790829
190102,41416907
190106,3117239
190111,111161301
190114,5369545
190116,3812954
190118,2474625
190122,852918
190125,54853644
190128,1059241
190133,1257375
190135,2765202
190140,3074762
190144,15565021
190145,2022706
190146,47033707
190151,2060937
190160,44132815
190161,456680
190164,9121756
190167,13852583
190175,3856668
190176,49140519
190177,17113473
190183,6380185
190184,1582128
190190,2478893
190199,62162
190201,3312137
190202,11257123
190204,11376007
190205,26885633
190208,1598004
190218,1948525
190236,21500323
190241,846529
190242,4607411
190245,286517
190246,3059162
190250,11282993
190251,212393
190256,1300840
190257,991132
190259,2888992
190261,150218
190263,10022375
190266,1926403
190267,521968
190268,175237
190270,2715308
190274,13107370
190278,5130039
190297,1151164
190298,5388245
190300,100151
190303,3501013
190304,3531112
190307,998691
191300,541249
191301,1080804
191302,843857
191303,956869
191304,1719139
191305,1021932
191306,620110
191307,2158641
191308,393569
191309,1162717
191310,2173870
191311,1553707
191312,1781435
191313,2160147
191314,1152084
191315,2323398
191316,1412110
191317,1641717
191318,2168671
191319,1396166
191320,1809450
191321,1125240
191322,1858753
191323,1797362
191324,2745903
191325,1768275
191326,621207
192004,10860782
192006,10441460
192007,6104114
192008,7123698
192009,11066117
192010,35836081
192011,31876712
192012,6223567
192013,7076703
192015,6139522
192016,9138690
192019,3824174
192022,15626788
192024,4229911
192025,6024239
192028,11455756
192029,12909214
192030,5708523
192031,15341342
192032,21254568
192033,6012398
192034,9514705
192035,5278561
192036,9019383
192037,12157816
192040,2017666
192041,3414614
192043,7513201
192046,12239753
192048,11815217
192049,13218010
192050,2294952
192051,9131221
192052,3345283
192055,5868530
193028,6319110
193031,9327619
193044,6150366
193050,5146316
193058,3583039
193060,273519
193064,1990579
193069,3959610
193070,817741
193074,3950654
193078,4384953
193079,4904694
193080,3390618
193086,3826501
193089,1721155
193090,4473808
193092,1964289
193093,7846035
193094,4304116
193300,1768080
194007,200761
194008,534155
194020,4200523
194022,795928
194031,4292781
194044,2500154
194056,1923126
194069,3346379
194073,5644727
194074,1136384
194075,1434858
194076,2875435
194078,2078840
194081,3688064
194084,2204924
194086,2872901
194087,2320981
194090,3491209
194091,3455931
194095,3137967
194096,2617260
194098,4337918
194100,3434245
200001,16631242
200002,9105346
200008,24029298
200009,137416302
200018,11997712
200019,19895793
200020,12189964
200021,12723734
200024,42575158
200025,2740204
200031,7015928
200033,100455986
200034,19530444
200037,9737752
200039,42941175
200040,6940750
200041,4978827
200050,8779421
200052,6283795
200063,14176230
201300,2222514
201301,846521
201303,2834830
201304,5266658
201305,4135993
201306,2624997
201307,2613688
201308,4429668
201309,4456772
201310,2252071
201311,3385878
201312,6876394
201313,2013309
201314,11646967
201315,5819437
203025,24130612
204004,1221388
204005,3064276
204006,2565188
204007,510940
210001,86592270
210002,298821118
210003,46449178
210004,91421840
210005,78014823
210006,21285940
210007,15002593
210008,63739871
210009,367299435
210011,89866264
210012,161866352
210013,19437041
210015,110794526
210016,59794019
210017,8410881
210018,39755542
210019,113384081
210022,82135515
210023,115160060
210024,101450217
210027,99901732
210028,28643865
210029,123145588
210030,18885706
210032,28144158
210033,64907477
210034,43327294
210035,35597508
210037,65033812
210038,42047051
210039,26590728
210040,67679317
210043,90762420
210044,70278294
210045,2855292
210048,56088013
210049,62329197
210051,59084618
210054,12631799
210055,28614075
210056,84629062
210057,70856780
210058,26394959
210060,7823744
210061,23173292
212002,2388341
212003,1322521
212005,24994513
213028,19286729
213029,16836169
214000,16369643
214003,1625408
214004,340563
214013,4005418
214018,317249
220001,21585669
220002,47910169
220008,27831826
220010,43395575
220011,42376819
220012,104705690
220015,27271630
220016,12769037
220017,24286888
220019,12257444
220020,32467301
220024,21870644
220029,22188464
220030,12472337
220031,131239518
220033,60642683
220035,90799954
220036,77268953
220046,80841034
220049,11093594
220050,3485807
220051,12208618
220052,39938225
220058,5385950
220060,41886232
220062,19306844
220063,52277574
220065,14703175
220066,53790170
220067,23177298
220070,49612900
220071,342966820
220073,32925135
220074,164551429
220075,6601265
220077,202213480
220080,39756501
220082,19391115
220083,9372815
220084,18558619
220086,201335489
220088,47951598
220090,30184069
220095,18477985
220098,5721113
220100,80239456
220101,49591134
220105,34309019
220108,20801522
220110,291655543
220111,61099059
220116,127736465
220119,28564814
220126,42288600
220135,34390459
220162,9166990
220163,212888072
220171,135898076
220174,17482436
220175,50968022
220176,62510993
220177,1217579
221300,4941605
221302,7671711
221303,2480716
222000,29149145
222002,11545554
222003,594478
222006,1039643
222007,7238234
222010,24029034
222023,0
222026,15043039
222027,29232304
222043,10663604
222044,11508440
222045,12656205
222046,19456726
222047,15743696
222048,13889369
223026,34587216
223027,33651293
223029,35752432
223030,19583278
223032,17442186
223034,23918192
223302,6955102
224001,662437
224007,16932974
224013,7302215
224018,7486807
224021,4800269
224022,5029611
224023,10924232
224028,635926
224031,1190426
224032,691911
224033,1653195
224038,2230548
224040,1140269
230002,66241156
230003,2999087
230004,47798720
230005,11055718
230013,7416216
230015,5893828
230017,82309308
230019,143681119
230020,134875471
230021,61323471
230022,11073931
230024,101582074
230029,94312356
230030,19358212
230031,18182509
230035,7383586
230036,25277014
230037,8159245
230038,178665496
230040,7127972
230041,68011184
230046,261619506
230047,90640947
230053,169664616
230054,51480960
230055,10084961
230058,11947518
230059,63820365
230066,23079810
230069,12089186
230070,110750955
230071,3589571
230072,17760916
230075,37125143
230077,48739626
230078,4707914
230080,11162491
230081,12054553
230085,3204714
230089,40090593
230092,63950446
230093,6871309
230095,9741142
230096,5568149
230097,116012170
230099,25678853
230100,5493332
230104,101685062
230105,51441985
230106,5911978
230108,5502065
230110,8565910
230117,94753993
230118,8075403
230121,10127056
230130,269167856
230132,62946776
230133,7388895
230141,125891821
230142,29266471
230144,1415399
230146,64754284
230151,69868446
230156,131301289
230165,129045269
230167,59318995
230174,2802553
230176,30923937
230180,5231805
230193,23348703
230195,125301792
230197,114456988
230207,30614776
230208,6155988
230216,38243604
230217,10543012
230222,69001980
230227,64082787
230230,126690078
230236,29312678
230239,12268639
230241,5171910
230244,37675529
230254,48010333
230259,11064727
230264,789745
230269,97011543
230270,36040533
230273,66714333
230275,5878496
230277,27608910
230279,213349
230297,18636213
230301,2411652
230302,29417005
231303,1779155
231304,2677170
231305,2405826
231306,811949
231307,2038976
231308,636389
231309,513215
231310,2825432
231311,786215
231312,1370005
231313,528659
231314,1401898
231315,2364656
231316,1574557
231317,862445
231318,5559075
231319,3100130
231320,1317983
231321,3061933
231322,2865889
231323,1969649
231324,1006953
231325,2413236
231326,2460502
231327,2024234
231328,4356611
231329,986944
231330,2287613
231331,1910371
231332,3942540
231333,2844248
231334,4630581
231335,6296829
231337,5435041
232012,9286552
232019,14101642
232020,7554662
232021,9647152
232023,10165100
232024,9007978
232025,4767719
232026,5849491
232027,19978279
232029,4813484
232030,9707316
232031,13458270
232032,13837157
232033,8426402
232034,4847184
232035,8117790
232036,10334248
232037,7134486
232038,9740697
233025,5697215
233026,6088695
233027,13042466
233029,1843698
233300,1360090
234006,3069296
234011,1909796
234021,5345065
234023,4868116
234025,519682
234026,2142021
234030,3365688
234035,469178
234038,5065670
240001,73926262
240002,87342422
240004,85853135
240006,2681226
240010,255004479
240014,3439667
240018,5853536
240019,16535973
240020,8057074
240022,2818111
240030,16772745
240036,136952593
240038,79663971
240040,7670815
240043,8673308
240044,9341201
240047,53125723
240050,7656305
240052,10090968
240053,77432479
240056,17331532
240057,164975963
240059,7577788
240061,79774735
240063,54183284
240064,7351851
240066,12996785
240069,7239507
240071,5297919
240075,22416548
240076,5291848
240078,68941813
240080,145535980
240084,8460741
240088,10688013
240093,40908590
240100,24471526
240101,8708292
240104,12222463
240106,115134747
240115,65939496
240117,6780098
240132,32028572
240141,4493580
240166,7045810
240187,6464943
240196,334861
240206,693686
240207,28557013
240210,38397490
240213,18106393
240214,10253121
241300,230234
241301,1151535
241302,650874
241303,1025184
241304,534167
241305,6063895
241306,823980
241308,420545
241309,770472
241311,885513
241312,707755
241313,309450
241314,571267
241315,640251
241316,1867328
241317,495042
241318,1078493
241319,1683117
241320,3604763
241321,373756
241322,1124089
241323,738956
241325,3591830
241326,1060576
241327,1155182
241328,618146
241329,4274000
241330,1211633
241331,748532
241332,1513644
241333,622926
241334,1062925
241335,1540858
241336,542585
241337,964475
241338,1158567
241339,522489
241340,495606
241341,432709
241342,1719496
241343,1319544
241344,1156232
241345,516206
241346,1405486
241347,816502
241348,672298
241349,1962528
241350,2112956
241351,2449653
241352,857816
241353,9759893
241354,3502502
241355,3284482
241356,3233577
241357,1250680
241358,166654
241359,4164280
241360,1715072
241361,2114687
241362,4377752
241363,4459311
241364,4133037
241365,1621894
241366,4660184
241367,4121249
241368,1230485
241369,1902405
241370,6154628
241371,1782479
241372,699338
241373,2477087
241374,1731791
241375,149956
241376,1337561
241377,2787700
241378,5452892
241379,713962
241380,5773045
241381,3454246
242004,21165231
242005,12678437
243300,777000
243302,261306
244002,907301
244010,812147
244011,852487
244012,908940
244013,1106689
250001,101367756
250002,2524126
250004,120207530
250006,7284918
250007,19113813
250009,30432344
250010,2530848
250012,2263457
250015,8747774
250017,3374597
250019,65361596
250020,4650126
250025,6336269
250027,3298618
250031,28408938
250034,36908538
250036,4275810
250038,4373078
250040,64138527
250042,15081095
250043,4405358
250044,6502946
250048,82519382
250049,2260487
250050,6060170
250051,104318
250057,8478001
250058,21172661
250059,4214792
250060,3753555
250061,1145872
250067,4353466
250069,23367772
250072,25280240
250077,4847312
250078,95401633
250079,2164085
250081,6604573
250082,29950608
250084,9084903
250085,2803255
250093,10290155
250094,27729471
250095,3017976
250096,12573429
250097,20304968
250099,24388080
250100,32418037
250102,79223773
250104,41624459
250117,5265212
250122,8233069
250123,13505492
250124,2713615
250126,3160419
250127,89111
250128,8522961
250134,211451
250136,125969
250138,13451346
250141,70406943
250151,4662278
250152,9572818
250162,4073533
250163,1365298
251300,2361903
251302,2316417
251303,1328824
251304,1603469
251305,1724229
251306,928023
251307,1643410
251308,1538894
251309,1277995
251311,1481624
251312,1756806
251313,1888268
251314,2177128
251315,1142888
251316,825327
251317,1934990
251318,5316843
251319,683983
251320,1998122
251322,1012868
251323,1312433
251324,1017496
251325,2518466
251326,1919185
251327,1270797
251329,209118
251330,1804425
251331,1831182
251332,2038522
251333,599059
251334,1050070
251335,592330
252003,7791879
252004,31526867
252005,9877254
252006,11244023
252007,20200876
252009,12813397
252010,10805362
252012,11067057
254005,2302653
254007,891791
254008,1785560
254009,1809191
254010,1157777
260001,38515305
260004,811383
260005,36244217
260006,84153562
260009,15681970
260011,29862589
260015,7844418
260017,31242176
260020,98866081
260022,15325157
260023,38457700
260024,4765811
260025,22279817
260027,47006489
260032,294147114
260034,3859191
260040,99680037
260047,25293909
260048,27190032
260050,3182405
260052,18431372
260057,7703022
260059,7792686
260061,3782584
260062,17145870
260064,7553133
260065,121474154
260068,74845563
260070,5711565
260074,12806263
260077,74089238
260078,17886973
260080,843363
260081,30021445
260085,35751370
260091,64605292
260094,22279673
260095,37747337
260096,78075100
260097,10443659
260102,7167034
260104,63747467
260105,74283337
260108,87343120
260110,45219299
260113,18040983
260116,9313444
260119,40631476
260137,68839420
260138,114735553
260141,100469347
260142,5116923
260147,664902
260160,3138031
260162,8801425
260163,11033134
260175,7680919
260176,24980056
260177,31085514
260179,62185441
260180,56612785
260183,63197386
260186,22330068
260190,8603385
260191,18695365
260193,13259634
260195,9572000
260200,21751388
260207,3202614
260209,3665124
260210,15721165
260211,64146
260214,4829652
260216,22460895
260219,6704955
261301,845126
261302,1219972
261303,1679461
261304,-9638
261305,1498366
261306,596732
261307,1595365
261308,2373998
261309,1909824
261310,2229271
261311,2979312
261312,1395390
261313,1928224
261314,845475
261316,1426757
261317,1343317
261318,1338236
261319,3107451
261320,3235255
261321,3926248
261322,1547606
261323,865458
261324,6550610
261325,2967162
261326,2772845
261327,2456267
261328,1379854
261329,1051302
261330,1781986
261331,2580083
261332,820935
261333,1372792
261334,563254
261335,1810300
261336,467030
261337,4195605
262001,3974015
262010,13395677
262011,9887178
262012,4111971
262013,10581352
262014,8061103
262015,9495114
262016,7915943
262017,8959481
262018,7719296
262019,6461573
262020,8706182
263027,10282189
263028,18479976
263029,12192513
263030,7242222
263031,16580689
263301,1078982
263302,1049420
264008,344474
264012,5091095
264016,6101988
264017,2743640
264020,329482
270003,19667265
270004,50166435
270012,48055434
270014,44626106
270017,20717208
270023,15739753
270032,3338602
270049,56252747
270051,30266978
270057,15164169
270074,888984
270086,2105540
270087,1782168
271300,408550
271301,549219
271303,263736
271304,319784
271305,63691
271306,435067
271307,463229
271308,178268
271309,56820
271311,71940
271312,877346
271313,206415
271314,867731
271316,2704199
271317,3453649
271318,2177476
271319,328252
271320,2070750
271321,161556
271322,598305
271323,1223591
271324,260007
271325,2711104
271326,552687
271327,290300
271328,1100798
271329,435971
271330,472594
271331,390528
271332,2296480
271333,167980
271334,188253
271335,3180135
271336,4791059
271337,324185
271338,926860
271340,4500118
271341,645107
271342,135216
271343,1392626
271344,2338452
271345,1418316
271346,395564
271347,4372364
272001,7753177
274086,4471939
280003,88688781
280009,47752694
280013,111329919
280020,44906741
280023,22992005
280030,34226000
280032,15777238
280040,55175239
280060,49362749
280061,32984820
280065,18579904
280077,11551222
280081,31265648
280105,5820043
280111,8887831
280119,99278
280125,25388341
280127,4093285
280128,21241262
280129,6240144
280130,19009602
280131,3208135
280132,8760059
280133,6232990
281300,250031
281301,1596433
281302,294822
281303,172824
281304,1765733
281305,430608
281306,484283
281307,843828
281308,207678
281309,658891
281310,403458
281311,459564
281312,373499
281313,682537
281314,671225
281315,2758012
281316,493851
281317,358805
281318,597054
281319,1077649
281320,1168741
281321,904163
281322,3089488
281323,550449
281324,840113
281325,713662
281326,712115
281327,976486
281328,1020736
281329,5000948
281331,860671
281332,2679365
281333,393436
281334,2235960
281335,1391189
281336,3948397
281338,957757
281339,1266475
281340,609583
281341,1845665
281342,1266584
281343,1295556
281344,722351
281345,1253972
281346,1034175
281347,726579
281348,1572879
281349,1917284
281350,1315409
281351,539057
281352,2831328
281353,1394052
281354,848557
281355,1730584
281356,405813
281357,2520267
281358,1247194
281359,1624647
281360,1924117
281361,1509131
281362,5343902
281363,4577225
281364,4031785
281365,1461126
282000,13444627
282001,17588767
284009,771691
290001,92702029
290002,567199
290003,101805778
290005,29664666
290006,5806494
290007,43864121
290008,7740887
290009,46372409
290012,26476324
290019,55530090
290020,293032
290021,60936080
290022,46829150
290032,17415514
290039,80935606
290041,48829135
290042,241489
290045,51781122
290046,38244393
290047,24820809
290049,20830230
290051,4179766
290053,19378164
290054,20714923
291300,1332155
291302,1212675
291303,147961
291304,219426
291306,4879613
291307,3168763
291308,2529429
291309,1691006
291311,1690967
291312,401185
292002,22712754
292003,10637061
292004,15463493
292006,19522597
292007,4140319
292008,6996660
293026,23233940
293032,26402666
293033,21501704
294000,343813
294002,1649391
294003,3784004
294008,2893862
294009,5236150
294011,6194370
294012,3558437
300001,54579053
300003,157463542
300005,23012329
300011,26919721
300012,47332858
300014,14212480
300017,14546309
300018,26323948
300019,19679641
300020,24821689
300023,25697543
300029,41368799
300034,53509884
301300,1838481
301301,3839535
301302,5050314
301303,3057636
301304,3861069
301305,2723905
301306,2881528
301307,5308605
301308,3868680
301309,5674988
301310,4722922
301311,4638924
301312,5393577
303026,39965582
303027,14349721
304000,7782086
304001,204362
310001,183161434
310002,98188057
310003,40454450
310005,28663064
310006,41150102
310008,61164561
310009,63258042
310010,50185816
310011,29832874
310012,122778007
310014,109275725
310015,187108431
310016,30496625
310017,37005092
310019,137426141
310021,16573886
310022,103587708
310024,25461014
310025,24742335
310027,43008870
310028,27885042
310029,76533784
310031,36110529
310032,63179231
310034,48844808
310038,165831601
310039,53491122
310040,24284200
310041,97993977
310044,38592267
310045,79749780
310047,42499074
310048,52385248
310050,46302963
310051,85065514
310052,54645032
310054,48458384
310057,52351649
310058,21187353
310060,21963427
310061,21756767
310064,114060409
310069,12139481
310070,48433171
310073,118565974
310074,51619556
310075,49039089
310076,108596033
310081,36452134
310083,27245776
310084,30569910
310086,102557052
310091,12564705
310092,36896948
310096,46839467
310108,82966139
310110,36611509
310111,48282629
310112,27685423
310113,25195013
310115,16247859
310118,8314490
310119,50389673
312014,106108
312017,13907405
312018,10091308
312019,17070811
312020,33674716
312022,18080943
312023,10631812
312024,16022691
313025,88385351
313027,15102708
313029,36497479
313030,14258885
313032,15169748
313033,12125545
313035,20270917
313036,11567822
314001,8257624
314005,2824819
314011,782737
314012,9521045
314013,1123859
314016,2866608
314018,2804666
314019,12077009
314020,1444664
314021,8260326
314022,6801363
314023,4132942
314026,1120963
314027,2702659
320001,69158417
320002,48539654
320003,5227630
320004,17737672
320005,48998757
320006,15568735
320009,42619294
320011,6704067
320013,6890255
320016,7620679
320017,5310021
320018,26784943
320021,83060057
320022,9400817
320030,6227169
320033,5850033
320038,7910219
320057,279614
320058,136578
320059,4518603
320060,1218126
320061,6021397
320062,1026026
320063,10604017
320065,7161237
320067,1106360
320070,599318
320074,3486878
320084,2113784
320085,29147591
320086,4641043
321300,780409
321301,562898
321302,1247065
321304,1082422
321305,1285833
321306,2278164
321307,2751847
321308,2990552
322002,6576859
322003,5202928
322004,5112522
323026,1195153
323027,12259977
323028,6939679
323029,2780430
323032,12302519
324010,2320852
324012,953845
330003,8286864
330004,31609597
330005,154872905
330006,34127900
330008,4948271
330009,67654980
330011,30059126
330013,125865123
330014,62011253
330019,56156930
330023,76825235
330024,384699754
330027,67994458
330028,47684168
330030,9808889
330033,5720396
330037,1390030
330043,80699383
330044,43993086
330045,69623500
330046,161006524
330047,17252413
330049,14803952
330053,4764614
330055,141830872
330056,56778715
330057,74612276
330058,10313723
330059,361193931
330061,32686113
330064,21241542
330065,11298012
330067,31342136
330073,6440880
330074,6806854
330078,33908567
330079,10842554
330080,41096586
330084,6964081
330085,8552536
330086,12824234
330088,8586601
330090,30723613
330094,18756103
330096,4888782
330100,594934
330101,684362196
330102,18580757
330103,14114381
330104,57006278
330106,235730559
330107,31742766
330108,12812638
330111,1305214
330115,5967641
330119,135327865
330125,74251725
330126,86071902
330127,59357268
330128,52783462
330132,2962849
330135,17808037
330136,50430317
330140,114236300
330141,63021579
330144,1780473
330151,5357214
330153,46058287
330154,141105174
330157,33570493
330158,66459166
330160,161611843
330162,29920143
330163,12530777
330164,36840962
330166,225212
330167,145266858
330169,237051480
330175,11680556
330177,1171315
330180,17013289
330181,47970579
330182,127434385
330184,38825980
330185,50668523
330188,9961825
330191,36632836
330193,49175843
330194,237105631
330195,183286453
330196,41526500
330197,12005725
330198,85636237
330199,29229939
330201,61641781
330202,56788978
330203,62073902
330204,49104752
330205,8992633
330208,58574648
330211,11580856
330213,4663380
330214,163405591
330215,10975415
330218,15453744
330219,54079751
330221,52200399
330222,20459001
330223,6401169
330224,13478288
330225,1860961
330226,27165746
330229,4555947
330231,29752216
330232,11524462
330233,56846398
330234,132989724
330235,16681329
330236,155075638
330238,3403975
330239,15886176
330240,27364329
330241,121354827
330245,39127964
330246,35527310
330249,5333497
330250,48866254
330259,50713374
330261,34323832
330263,2174372
330264,44666574
330265,4425680
330267,33163769
330268,2698826
330270,104317226
330273,28035702
330276,8024703
330277,11577315
330279,49010535
330285,128472229
330286,69114732
330304,54791543
330306,127999205
330307,16959220
330316,6599377
330331,46087795
330332,27608753
330340,26085316
330350,105330034
330353,53923641
330354,23353416
330372,30274986
330385,13206480
330386,17114305
330393,182133417
330394,71524873
330395,63223659
330396,24182271
330397,27857426
330399,43018907
330401,46535456
330403,42253
330404,38743491
330405,20644718
330406,18141346
331301,94495
331302,845139
331303,697959
331304,622667
331305,627891
331306,1456867
331307,800282
331309,283377
331310,1402646
331311,2949855
331312,902915
331313,2530923
331314,1627043
332006,36319550
332008,4894486
332014,8505846
334001,1347069
334002,666464
334003,1082574
334004,841955
334009,1002627
334012,1190663
334013,1014861
334015,2415262
334020,963494
334022,1311033
334027,11520110
334043,1393624
334045,1421952
334046,814392
334048,21758406
334049,1161589
334052,1102504
334053,687729
334054,846195
334055,1582999
334060,136339
334061,315594
340001,81609950
340002,181451268
340003,9854840
340004,41820798
340008,19855594
340010,46705608
340011,6397339
340013,18713941
340014,114627505
340015,29553889
340016,10026300
340017,26253937
340020,14376799
340021,31249130
340023,16111993
340024,11347413
340027,29859541
340028,124786420
340030,245110673
340032,77438553
340036,5107589
340037,6026051
340039,25431029
340040,275501559
340041,12049549
340042,20846469
340047,195600547
340049,6408624
340050,59499784
340051,18147160
340053,82295750
340055,1056358
340060,11977417
340061,173161549
340064,11805794
340068,17464757
340069,141251865
340070,29296747
340071,20320776
340073,35180102
340075,24234320
340084,1823424
340085,14269422
340087,6644840
340090,29677560
340091,128191288
340096,5877044
340097,9004252
340098,64434898
340099,14045017
340106,7699027
340107,17772861
340109,26127755
340113,176537424
340114,85924045
340115,109382011
340116,43812641
340119,16146476
340120,8325353
340123,13957696
340126,29779175
340127,6734117
340129,15526690
340130,25337336
340131,74780230
340132,17006004
340133,7718707
340141,191488901
340142,29425931
340143,27018098
340144,12084606
340145,12617779
340147,57759694
340148,1504387
340151,23086783
340153,18436041
340155,51750366
340156,916622
340158,14607176
340159,6174066
340160,7837461
340166,12824170
340168,499098
340171,21576963
340173,25508580
340183,16565486
340184,16107343
340186,12724649
341303,1138332
341304,3432199
341305,1027794
341307,1802557
341308,252073
341310,1156854
341311,2592039
341313,127356
341314,1829571
341315,6345122
341316,798900
341317,1043115
341318,9423899
341319,6504611
341320,1743483
341322,7480634
341323,3307978
341324,4719267
341325,3252201
341326,5007464
341327,4442337
342012,16631325
342013,17664100
342014,9769597
342015,13651160
342016,13400307
342017,10045649
342018,9141647
342019,4234771
342020,10268771
343025,13535663
343026,29365334
344004,8195993
344007,5197348
344014,6816146
344016,794483
344023,900408
344024,1050424
344025,2657512
344026,2595586
350002,47707591
350006,33790974
350011,101497731
350015,39063582
350019,56982415
350063,869488
350070,31694994
351300,385800
351301,146755
351302,296678
351303,267388
351304,317534
351306,708601
351307,360908
351308,205773
351309,610919
351310,567061
351311,1350948
351312,309798
351313,469674
351314,465401
351315,1417918
351316,456540
351318,839560
351319,853156
351320,453865
351321,641223
351322,223787
351323,1161169
351324,1199384
351325,529030
351326,761915
351327,850053
351328,407820
351329,264490
351330,2537085
351331,362215
351332,858120
351333,1743097
351334,2577345
351335,3758237
351336,4915700
352004,5446848
352005,2719386
354003,2927259
354004,2071331
354005,2538723
360001,30124723
360002,6322275
360003,120106365
360006,153146322
360008,51456794
360009,23644878
360010,13588333
360011,20151716
360012,30114428
360013,5782986
360014,11446386
360016,38047071
360017,74409638
360019,20043807
360020,86746287
360025,33797450
360026,6636073
360027,65361749
360029,5376972
360032,5666465
360035,93748139
360036,11916304
360037,27376476
360039,57730335
360040,8498750
360041,37169814
360044,5714027
360046,4500991
360048,63222014
360051,106126824
360052,54974551
360054,24938997
360055,23801234
360056,37139387
360058,3472829
360059,80660315
360064,51767685
360065,10377930
360066,60132737
360068,92323404
360070,39178226
360071,4828431
360072,31279164
360074,25825843
360075,22706048
360076,33071911
360077,48355693
360078,13660377
360079,65262842
360080,7606398
360081,28734575
360082,25068346
360084,61393000
360085,174163294
360086,41108370
360087,17568887
360089,4390947
360090,29519794
360091,16131890
360092,3577564
360095,17102662
360096,9803406
360098,52127795
360107,2844524
360109,7853513
360112,75220755
360113,14008288
360116,2631044
360118,36141439
360121,7757830
360123,33061301
360125,15988103
360131,11424719
360132,19463984
360133,33840601
360134,62402408
360137,161131874
360141,25850702
360143,35154579
360144,28479201
360145,37510118
360147,31931813
360148,2072469
360150,8916378
360151,17604675
360152,28473196
360153,2345900
360155,43198271
360156,4526221
360159,33047941
360161,18605317
360163,97872858
360170,7635919
360172,44274230
360174,19145852
360175,11225604
360179,61445299
360180,315063335
360185,10345574
360189,2108182
360192,17348161
360195,5715871
360197,6278101
360203,13502957
360210,7880272
360211,29863909
360212,26064548
360218,18776606
360230,57354874
360234,16092092
360236,17364046
360239,15707096
360241,4942694
360242,62149003
360245,813490
360259,7605290
360261,396089
360262,12856250
360263,2924809
360266,15686584
360270,3965270
360271,129290
360274,1844315
360276,18410310
360347,152807
360348,8915777
360350,426416
360351,9739377
360352,2549088
360354,26499894
360355,1899448
360359,16500146
360360,7191036
361300,759709
361301,1669727
361302,1294998
361303,497544
361304,406164
361305,876152
361306,1776834
361307,5270868
361308,2475396
361309,2318497
361310,2542495
361311,751541
361312,1982629
361313,1207870
361314,3890662
361315,3782270
361316,4326856
361318,3106695
361319,6906698
361320,5603844
361321,1957350
361322,451965
361323,952514
361324,2292310
361325,6020509
361326,1722420
361327,22925
361328,3355906
361329,2284662
361330,3457917
361331,2459738
361332,3241903
361333,5011855
361334,2059014
362004,10922393
362007,3799448
362014,4559624
362015,13182614
362016,4460182
362019,7344428
362020,9136153
362021,7897084
362022,20333927
362023,8440812
362024,10590829
362025,6486169
362026,12031299
362027,10746405
362028,9002023
362029,23170993
362031,5954053
362032,3389770
362033,11063435
362034,5058250
362035,17593443
362036,10234765
362037,5957010
362038,6236662
362039,9416814
363026,6051226
363032,1966057
363033,4397369
363300,2866215
363302,684865
363303,3218531
363305,3359092
364007,2064763
364011,2411311
364014,2239781
364015,1605069
364027,11574548
364029,13485889
364031,1856733
364035,1727508
364036,2558064
364041,10021851
370001,82309513
370002,4007569
370004,8848377
370006,8676107
370007,716678
370008,60609507
370011,1241657
370013,54239713
370014,21096166
370015,2368808
370016,16494998
370018,18440514
370019,5479495
370020,16056889
370022,10557256
370023,15707189
370025,29168444
370026,22717952
370028,103025679
370029,4823549
370030,2914138
370032,25314651
370034,19891966
370036,1651741
370037,87354783
370039,7444624
370040,5187433
370041,686011
370047,35166808
370048,4396967
370049,18236799
370051,1633249
370054,5851726
370056,41386758
370057,3854755
370065,7119540
370072,1015260
370078,21771868
370080,1004012
370083,1867523
370089,16338522
370091,115609017
370093,93792167
370094,32370903
370097,13270461
370099,6157256
370100,5228244
370103,900186
370106,51808221
370112,1738127
370113,8482313
370114,86040055
370138,1354443
370139,1331744
370149,14232932
370153,4115129
370156,1684694
370158,2792681
370166,4512861
370169,451371
370170,393710
370171,2780801
370172,1374206
370173,910653
370178,4644841
370180,3620203
370183,3570285
370190,5603279
370192,856407
370201,1993801
370202,15757853
370203,6175625
370206,3447777
370210,10395049
370211,4923974
370212,1783369
370214,83996
370215,49578857
370216,6992090
370218,7244778
370220,807087
370222,16774809
370225,546771
370227,2208990
370228,1796028
370229,2203311
370234,19627493
370235,6301080
370236,3006630
371300,1334464
371301,537062
371302,619292
371303,227964
371304,1019968
371305,468451
371306,881613
371307,437324
371309,398644
371310,448899
371311,668526
371312,1356028
371313,2072510
371314,1220237
371316,731532
371317,2041085
371318,660250
371319,1390422
371320,481657
371321,734385
371322,424137
371323,1583504
371324,652989
371325,1684871
371326,1859962
371327,458580
371328,1079685
371329,670018
371330,607665
371331,1133490
371332,524345
371333,1803705
371334,555774
371335,580517
372004,18445157
372005,7654006
372007,9143793
372009,23617882
372011,5186086
372012,7278061
372016,5179758
372017,4302980
372018,12652159
372019,9401453
372021,13980589
372022,15142257
373025,8461159
373026,1783155
374000,2592800
374001,721394
374006,800901
374008,265676
374012,3519513
374016,8868359
374020,5535457
374021,896429
374023,4250589
380001,10659587
380002,17940039
380004,68099210
380005,4538839
380007,37777105
380009,136230143
380014,35913797
380017,38685573
380018,65091843
380020,17639719
380021,12736491
380022,6539021
380025,12351209
380027,23588583
380029,3977102
380033,6994405
380037,4269265
380038,5504879
380040,8931687
380047,58959419
380050,25600877
380051,54886416
380052,8308462
380056,2665762
380060,27829847
380061,55328896
380071,10241452
380075,24256589
380082,7340973
380089,19164214
380090,32335491
380091,9208601
380102,81244306
381301,1147473
381302,5017469
381303,4490637
381304,1356157
381305,1198974
381306,1965725
381307,1349508
381308,487073
381309,1911113
381310,322373
381311,2049690
381312,4973792
381313,2329257
381314,6112299
381315,3875383
381316,5608428
381317,3202661
381318,6447403
381319,5041300
381320,5480670
381321,7341737
381322,1590882
381323,4578605
381324,2268338
381325,7094550
382004,13149433
384008,468091
384011,341356
384012,6589755
390001,39222758
390002,18083540
390003,3774483
390004,42598521
390006,119722637
390008,3598940
390009,50099446
390012,18388473
390013,15695511
390016,15560168
390019,7528751
390025,182922
390026,22995037
390027,104602341
390028,54866331
390030,15005040
390031,22430877
390032,13405677
390035,8585719
390036,24937689
390037,10699070
390039,5719832
390041,18302303
390042,24365398
390043,8302434
390044,106125391
390045,42720975
390046,106525439
390048,12877666
390049,100290432
390050,94025368
390052,7679150
390056,4858527
390057,26615737
390058,14826706
390061,17082978
390062,3154483
390063,54920308
390065,12635067
390066,25367088
390067,100528301
390068,4768413
390070,11780163
390071,2695749
390072,6200336
390073,44492264
390076,26687817
390079,58205197
390080,22445851
390081,27314478
390084,3463995
390086,24210603
390090,17167733
390091,19096537
390093,6744437
390096,28736290
390097,28673194
390100,103512803
390101,13383507
390102,28216503
390104,3563327
390107,33928577
390110,57500765
390111,231968973
390112,1972760
390113,21039865
390114,15497878
390115,72633651
390116,18176703
390117,3381827
390118,7074521
390119,22189467
390122,6432362
390123,25800304
390125,17164816
390127,23829211
390130,1885721
390132,13136204
390133,146720615
390137,64551276
390138,10524651
390139,53780523
390142,115964924
390145,23169972
390146,9252621
390147,14873773
390150,5033526
390151,49036951
390153,36895037
390154,9431855
390156,53799943
390157,8063474
390160,7042856
390162,41181224
390163,9176659
390164,250919575
390168,21296617
390173,17000136
390174,224846447
390178,15295091
390179,33807162
390180,77219460
390183,8165888
390184,1804363
390185,29333648
390192,2515287
390194,12845524
390195,64588129
390196,23058139
390197,17448623
390198,6784370
390199,3671480
390201,51517886
390203,35196063
390204,28991975
390211,23466611
390217,4376221
390219,11781857
390220,9523251
390222,35376137
390223,70741872
390225,14557415
390226,59830884
390228,23994247
390231,100334874
390233,18846989
390236,3132735
390237,38967232
390256,109540131
390258,70264267
390263,42796983
390265,25587192
390266,3524033
390267,28973021
390268,28832743
390270,53031749
390272,1473786
390278,4731378
390290,68941633
390304,21452534
390307,352077
390312,6683676
390318,1119695
390321,2131962
390322,3898211
390323,933508
390324,3332017
390325,4971083
390326,13673731
390327,11252023
390329,17713005
391300,1745728
391301,945783
391302,624983
391303,2286000
391304,131685
391305,1285642
391306,2390900
391307,1168659
391308,1725717
391309,1431704
391311,814895
391312,3589721
391313,6869676
392024,24275696
392025,8057842
392027,30768697
392028,7265197
392031,8964306
392033,8596439
392034,8678459
392036,4178046
392037,7966084
392038,9278932
392039,24014910
392041,8936348
392042,10309762
392043,4118703
392044,4878921
392045,5182265
392046,10481913
392047,5102642
392048,9390452
392049,3963710
392050,11717614
393025,21856521
393026,15293425
393027,25354720
393030,24690188
393031,18208202
393035,17740595
393036,20493287
393037,16691406
393038,9069075
393039,12267221
393040,19993005
393045,9717149
393046,19939385
393047,9843326
393053,8420966
393054,14017643
393302,1044332
393303,1070731
393307,430939
393308,769370
394001,121894
394007,195814
394008,7674888
394016,170718
394020,1204201
394023,4979373
394027,4889382
394033,2876487
394034,5139309
394039,3383869
394040,2952298
394043,1734180
394048,1123724
394049,3946436
394050,1513495
394051,1777911
394052,2366883
410001,21964538
410004,30080981
410005,21565191
410006,15149009
410007,149281622
410008,14810134
410009,46317866
410010,4896738
410011,22798008
410012,57510327
410013,11031260
412001,666171
413025,3942061
414000,12929578
420002,43811751
420004,160365728
420005,5974062
420007,90743047
420009,26031771
420010,15696633
420011,1670593
420015,11108426
420016,1915101
420018,100031615
420019,4945955
420020,15112150
420023,71294848
420026,48953521
420027,68089649
420030,15633954
420033,8901506
420036,18383107
420037,4699324
420038,10554368
420039,4955108
420043,6299720
420048,14713207
420049,26296268
420051,97559514
420053,6409286
420054,3899439
420055,6679724
420057,1343864
420062,4589276
420065,26574532
420066,1774218
420067,28778687
420068,38968649
420069,4979055
420070,36961292
420071,55658300
420072,2247837
420073,59663872
420078,125203326
420079,68655202
420080,27385264
420082,35268883
420083,20076589
420085,61685412
420086,35792567
420087,75861365
420089,18149043
420091,52946985
420098,35011337
420101,5337022
420102,4705070
420103,5184749
420104,2819671
421300,301475
421301,2139939
421302,621885
421303,3466531
421304,1046079
422004,9733919
422005,9742524
422006,6508069
422007,11526201
422008,5387292
422009,10838522
423025,17966715
423026,16073436
423027,12106601
423028,17245265
423029,18158629
423030,12226982
424002,7812320
424005,658975
424006,4504959
424007,3151819
424008,7559469
424010,9997443
424011,504247
430005,12939500
430008,2967555
430012,12544384
430013,8112369
430014,17003886
430015,4891941
430016,76131464
430027,97334539
430048,5069825
430077,79181336
430081,1218060
430083,142889
430084,1015368
430089,6999871
430090,7655532
430091,6980165
430092,2165546
430093,76977
430095,18957314
430096,1048406
431300,1025349
431301,741508
431302,413653
431305,679869
431306,570004
431307,532549
431308,288328
431309,489916
431310,771895
431311,887558
431312,462583
431313,647982
431314,243732
431315,771551
431316,1340890
431317,350554
431318,364629
431319,370860
431320,586336
431321,1177091
431322,988576
431323,776673
431324,327152
431325,1694579
431326,901513
431327,613760
431328,559013
431329,1043118
431330,1046768
431331,579583
431332,427666
431333,459126
431334,1351529
431335,4027507
431336,889047
431337,664104
431338,747312
431339,657857
432002,5550310
434003,4601292
440001,2655127
440002,130979983
440003,23014351
440006,42376468
440007,2693357
440008,1910989
440009,21517360
440010,2054708
440011,26567427
440012,44765426
440015,96312161
440016,1633106
440017,50795662
440018,8299202
440020,7250186
440025,8837853
440029,20292110
440030,17219566
440031,5274296
440032,2098247
440033,7730375
440034,33773835
440035,28396283
440039,203080274
440040,3706073
440046,15511791
440047,586564
440048,161887722
440049,212594555
440050,6987824
440051,2561866
440053,36925049
440054,4498529
440056,4749518
440057,3756475
440058,16943449
440059,60671299
440060,885414
440061,4771764
440063,83243140
440064,6308663
440065,9938374
440067,7054375
440068,5658974
440070,1839115
440072,12434418
440073,45764975
440081,8260155
440082,100530255
440083,8478449
440084,5216732
440091,101497313
440102,5679036
440104,79261354
440109,5015125
440110,4179824
440111,4100459
440115,568401
440120,61497578
440125,41234261
440130,6397163
440131,3260809
440132,13725677
440133,57604122
440137,4968403
440141,2334775
440144,16159573
440147,7080222
440148,3025324
440150,25449210
440151,10846119
440152,27732495
440153,5334509
440156,51244704
440159,17353609
440161,91782961
440162,12821805
440168,355382
440173,57079283
440174,902613
440175,6135192
440176,12843255
440180,4086739
440181,699870
440182,2292948
440183,47495388
440184,5727534
440185,24055287
440187,12106482
440189,25497907
440192,6465306
440193,18615578
440194,12293318
440197,13416088
440200,3533551
440218,5174180
440227,9949686
440228,18593100
441300,545775
441301,1039064
441303,829280
441304,146578
441305,1795821
441306,545490
441307,3671576
441308,1549431
441309,1243351
441310,2594266
441311,215167
441312,393021
441313,546172
441314,1508901
441315,1644381
441316,357378
442006,7940000
442007,11179485
442010,10119165
442011,12892658
442012,9223175
442013,12886365
442014,12885846
442015,7865410
442016,10487063
443025,12173604
443027,8742494
443028,9991817
443029,19303730
443030,11152134
443031,15701295
444001,614579
444002,2871127
444003,338343
444004,14946637
444007,2877707
444008,814924
444014,702231
444019,4057697
450002,32470251
450005,4029326
450007,22618630
450010,64964327
450011,58016792
450015,66662790
450018,70407317
450021,168662075
450023,26102300
450024,23486926
450028,29161673
450029,58173292
450032,12368922
450033,62349801
450034,52845492
450035,30062923
450037,67277704
450039,36376087
450040,100785909
450042,50168592
450044,78229606
450046,87997375
450051,68137790
450052,1659715
450054,143113730
450055,3364600
450056,63778727
450058,169793360
450064,35297430
450068,138076073
450072,14267420
450073,1340266
450076,200872476
450078,1399299
450079,34227904
450080,10643966
450082,5430046
450083,89453972
450085,3116229
450087,18590040
450090,4276040
450092,18342589
450097,44790623
450099,6893674
450101,38210734
450102,86446526
450104,14589185
450107,80134169
450108,2518016
450119,69004005
450124,30063453
450128,31452279
450130,28601483
450132,49883374
450133,35013106
450135,104644322
450137,56464383
450143,1176589
450144,1269510
450147,26767616
450148,8442477
450152,15950234
450154,8386302
450155,1065093
450162,5150261
450163,6432294
450165,3978488
450176,42746807
450177,6215226
450178,3267841
450184,173207543
450187,5253097
450188,1873589
450192,4158096
450193,128384349
450194,3853931
450196,37336015
450200,28207115
450203,13713561
450209,47836639
450210,2582044
450211,26070816
450213,51989864
450214,4238370
450219,2012892
450221,2180761
450222,48107197
450229,57165113
450231,64098145
450235,2356154
450236,9874918
450237,75431825
450241,508077
450243,789393
450253,732348
450270,1747519
450271,19664751
450272,11606503
450280,43298499
450283,1535009
450289,34394425
450292,5853908
450293,729156
450296,1948521
450299,25190571
450306,823731
450324,54245513
450330,15062931
450340,16907931
450346,46250302
450347,11172366
450348,1391046
450351,5810379
450352,22210579
450358,232113427
450369,1268074
450370,5343436
450372,10520429
450373,1880033
450379,10116020
450388,239884912
450389,16125658
450395,7127570
450399,1955806
450400,3822316
450403,34417363
450411,2003370
450419,3948613
450422,3629430
450424,38207577
450431,120389621
450446,85837
450447,8885483
450451,1864066
450460,2128351
450462,101277723
450465,7955430
450469,27238146
450475,4505458
450484,16705341
450488,4549125
450489,1081492
450497,2358835
450498,1095955
450508,14611098
450518,22713369
450537,18519719
450539,5636401
450558,23208200
450563,26150050
450565,4870084
450571,44680021
450573,4458893
450578,974898
450580,3356880
450584,2798186
450586,1414465
450587,12221455
450591,3929210
450596,8529607
450597,3079853
450604,10641226
450605,3669978
450610,50064936
450615,712846
450617,87979176
450620,1258452
450634,34450921
450638,35655978
450639,31466558
450641,1849846
450643,19796591
450644,38560504
450647,73108431
450651,48383251
450653,6082920
450654,3664974
450656,12182090
450658,1939557
450659,16494121
450661,15128465
450662,31728071
450668,30797524
450669,19438422
450670,35736559
450672,53147117
450674,583220
450675,36748818
450677,25310833
450678,17948639
450683,919123
450684,27325809
450686,71396707
450688,11780292
450690,6043692
450694,1517945
450697,27350460
450698,1252171
450702,23078000
450709,12721881
450711,47663247
450713,47386625
450716,11653895
450718,23947930
450723,45320729
450730,15600423
450742,13910738
450743,22748522
450746,390154
450747,15668759
450749,1664901
450754,3610276
450755,1537273
450766,27137298
450770,1465619
450771,32091461
450774,1892963
450775,42102766
450779,21070441
450780,2389520
450788,43149985
450795,3610283
450796,387293
450801,50711217
450803,6381773
450804,11522501
450808,3076291
450809,45925617
450813,745722
450820,44759460
450822,5690936
450825,2641233
450827,5105307
450828,7219876
450831,368967
450832,6249924
450833,4686371
450834,957380
450839,1532133
450840,6715744
450844,32038127
450845,2494486
450847,18456575
450848,9111461
450851,13255427
450853,6084332
450855,24935683
450856,4509055
450860,715864
450862,27137926
450864,9481336
450865,352825
450867,7157875
450869,93690672
450871,2787818
450872,3208723
450874,1084915
450875,4615011
450876,16745939
450877,4616690
450880,6406921
450883,557625
450884,1825778
450885,10299801
450888,3418768
450889,1093333
450890,31395027
450891,1184351
450893,371082
450894,2252769
451300,962093
451302,791941
451303,1057930
451304,700651
451305,580050
451306,866946
451307,254728
451308,1672827
451309,422579
451310,573629
451311,843187
451312,1045812
451313,701238
451314,555624
451315,465858
451316,952662
451317,925410
451318,732250
451319,2481892
451320,578342
451321,1194133
451322,1191244
451323,2686319
451324,771587
451325,1516000
451326,377409
451328,903424
451329,1362539
451330,1142406
451331,1151385
451332,1028523
451333,687298
451334,920125
451335,586198
451337,1268149
451338,841889
451339,470367
451340,424074
451341,724164
451342,1459316
451343,1292846
451344,682843
451345,573651
451346,2273438
451347,1093349
451348,1368518
451349,1260128
451350,682160
451351,381776
451352,997060
451353,824273
451354,1056924
451355,914127
451356,3160936
451357,1774522
451358,1433166
451359,1540846
451360,1390591
451361,1347459
451362,889450
451363,788828
451364,1441802
451365,3910947
451366,357246
451367,2901215
451369,1661880
451370,2758209
451371,2793749
451372,915614
451373,965303
451374,1844006
451375,786972
451376,2003512
451377,2197355
451378,1555356
451379,1968916
451380,1438639
451381,2256031
451382,2283438
452015,11004626
452016,9853289
452017,10201392
452018,1477658
452019,11085974
452022,13906103
452023,24877288
452027,2633014
452028,37446970
452029,3970159
452031,8553348
452032,32725673
452034,17542789
452035,5387270
452038,6269072
452039,46386128
452040,10217511
452041,5332473
452042,11641524
452043,7786374
452044,41973244
452046,13585163
452049,40272511
452050,2357894
452051,9684926
452054,8037778
452055,10258526
452056,8702608
452057,12708412
452059,15581149
452060,19558501
452061,11064985
452062,9761005
452063,24298084
452066,6217503
452067,7125333
452068,5819966
452071,6481975
452073,13040252
452074,58271746
452075,50795773
452078,13790300
452079,13524178
452080,46795866
452082,5075297
452083,12870093
452084,5759847
452085,986915
452086,5115608
452087,11065302
452088,16275567
452090,6709033
452091,15872058
452092,11484249
452093,8845032
452094,9857032
452095,17511994
452096,13894158
452097,15711002
452099,11987566
452100,16267036
452101,20986801
452102,14329065
452105,13297743
452106,9695728
452107,14281346
452108,15138051
452109,8598072
452111,17525685
452112,15213738
452113,4818551
452114,15055005
452116,12022226
453025,7067222
453029,11499144
453031,13909271
453035,25038853
453036,13454056
453038,3227936
453040,21362762
453041,14064916
453042,13227531
453044,9703485
453047,19921162
453048,7322775
453052,12453423
453053,13860057
453054,16962362
453056,19990488
453057,18322833
453059,13335266
453065,11841733
453072,12979271
453086,9236568
453091,8934060
453092,13747316
453094,6645871
453096,9033350
453300,1144662
453301,476287
453302,4207816
453304,3616122
453306,6537
453310,470796
454000,1954832
454006,2941066
454008,2654108
454009,1011918
454011,2365730
454012,4290377
454018,6261225
454026,4207084
454029,1773194
454050,3406210
454060,5575224
454064,2980559
454065,6450118
454069,3440284
454076,3081142
454081,10732358
454083,3661700
454084,3951868
454088,575350
454093,563923
454094,12615819
454098,2696693
454100,610484
454101,2572089
454103,2691188
454104,1855866
454105,6004839
454107,5722193
454108,4351345
454109,6391696
454110,2560346
454112,2332948
454114,1437857
460001,46865011
460003,15237596
460004,44014987
460005,12951749
460006,13156442
460007,6875642
460009,104302092
460010,73407686
460011,5007370
460013,6197178
460014,3568230
460015,7028282
460017,2300860
460019,2473166
460021,62767487
460023,6979047
460026,2399906
460030,2116257
460033,723076
460035,692721
460039,667926
460041,10211578
460042,10948567
460043,28028
460044,4899407
460047,39141237
460049,5591015
460051,13478961
460052,5413832
460054,1853267
460057,2875823
460058,2296521
461300,300003
461301,435704
461302,1601823
461303,602318
461304,2887726
461305,198194
461306,1219872
461307,455592
461308,948788
461309,730311
461310,732172
462003,1396372
462004,8827761
462005,8591345
463025,6127498
463301,465314
464001,259307
464009,2910198
464013,3206971
470001,17359182
470003,125514815
470005,32720605
470011,8242513
470012,16455371
470024,13549675
471300,595427
471301,3958085
471302,4680611
471303,8225570
471304,6669317
471305,5557609
471306,6619597
471307,8233222
474001,4780476
490001,9164409
490002,5243171
490004,54800753
490005,101857355
490007,120569211
490009,194309369
490011,25934006
490012,3819957
490013,17732159
490017,43835023
490018,46275802
490019,14829523
490020,16065277
490021,109194442
490022,81835166
490023,17774964
490024,157583612
490032,169000698
490033,7328639
490037,10767007
490038,7373119
490040,48065171
490041,30312839
490042,19742306
490043,25236366
490044,27407807
490045,23431863
490046,48826560
490048,58429389
490050,71801088
490052,66320296
490053,19353952
490057,53296078
490059,74506534
490060,10615328
490063,162029106
490066,25336870
490067,40505347
490069,56867868
490075,34749368
490077,35532887
490079,19220877
490084,7930762
490088,4237928
490089,5629980
490090,12896430
490092,6710981
490093,38101245
490094,4480502
490097,6145813
490098,13976869
490101,28943566
490107,32077124
490109,285063
490110,14859126
490111,7967748
490112,110388069
490113,28201048
490114,8734068
490115,11146886
490116,9082421
490117,2370487
490118,77489573
490119,27535620
490120,49105525
490122,39609193
490123,5823355
490126,11259235
490127,3528489
490130,10766235
490134,34464
490135,627743
490136,34043173
490140,7868836
490141,11699291
491300,1908995
491302,3195371
491304,5162050
491305,7244276
491306,1182691
491307,1500179
492001,4406287
492007,4945426
492008,5776525
492009,11427115
492010,7296218
492011,6898066
493025,12097769
493027,8949330
493028,10340776
493029,12679256
493030,8049502
493031,17732294
493032,14522998
493033,16338787
493034,6189093
493301,574051
494001,1887217
494010,1017090
494017,1191126
494022,2292385
494023,1378835
494025,4816153
500001,46598181
500002,19435219
500003,25672991
500005,74970018
500007,12135228
500008,116880856
500011,29875244
500012,31129399
500014,68141678
500015,28883402
500016,56409067
500019,21359819
500021,21885182
500024,81160943
500025,66822038
500026,27054940
500027,105874926
500030,66914597
500031,18092370
500033,7945881
500036,43146997
500037,3180384
500039,67700703
500041,28783331
500044,49171335
500049,4620348
500050,73841040
500051,38862900
500053,16278126
500054,130018260
500058,57918190
500060,4359592
500064,98176650
500072,19642125
500077,32712001
500079,69547105
500084,3314401
500088,57301532
500108,77247501
500119,18684631
500124,39780025
500129,90543117
500138,6458310
500139,19800861
500141,24656583
500148,2491858
500150,28113330
500151,19475264
500152,17107354
501301,419222
501302,315729
501303,3458502
501304,1331227
501305,1640067
501308,1658909
501309,1520886
501310,1034036
501311,400494
501312,989035
501313,437393
501314,2718099
501315,1673244
501316,941987
501317,169705
501318,218878
501319,2238447
501320,309658
501321,880766
501322,408346
501323,7844948
501324,1322694
501325,921601
501326,5302833
501327,5537051
501328,3594474
501329,3005159
501330,3821213
501331,5485595
501332,7065010
501333,6353729
501334,1114217
501335,6517791
501336,9915594
501337,12288185
501338,554044
501339,8231109
501340,132255
502001,7596612
502002,13837577
503025,17402117
503300,1623504
504002,3322791
504003,8317919
504004,5435058
504008,806215
504009,3249187
510001,109530279
510002,13100487
510006,37866472
510007,72190973
510008,22355916
510012,5023449
510013,4843271
510022,154997638
510023,14769153
510024,30893882
510029,28356996
510030,9797724
510031,11965314
510038,5060810
510039,13693674
510046,22573011
510047,14251539
510048,18655585
510050,24398901
510053,2582348
510055,49924058
510058,44047963
510062,20649027
510070,40645749
510071,17892324
510072,1419422
510077,3836936
510082,4215485
510085,7177023
510086,3946092
511300,249922
511301,515756
511303,833497
511304,263624
511306,978837
511307,615333
511308,433412
511309,1188134
511310,1885350
511311,454989
511312,1598566
511313,974019
511314,596980
511315,3021027
511316,3386800
511317,4872821
511318,1475146
511319,3624284
512002,12735183
512003,10374263
513025,2572754
513026,11863766
513027,12256352
513028,15545634
513030,21337817
514001,1441939
514008,3440016
514009,1348272
514010,1232007
520002,11128111
520004,24688953
520008,55281152
520009,13384456
520011,6514000
520013,45506530
520017,5785410
520019,10895048
520021,28239075
520027,16695441
520028,11347867
520030,42659780
520033,7932590
520034,7060828
520035,12227408
520037,61687405
520038,5198121
520041,6019278
520044,7192346
520045,14353752
520048,10407295
520049,29793075
520051,39217405
520057,6443087
520059,9130986
520062,10321157
520063,8504412
520066,26748678
520070,45711582
520071,8468986
520075,34684946
520076,5361568
520078,29286092
520083,92117694
520087,49477643
520088,19144341
520089,62382329
520091,12070292
520095,6305588
520096,52308479
520097,11610612
520098,165094175
520100,14069340
520102,11830763
520103,31014003
520107,9590470
520109,4141127
520113,14181599
520116,5661954
520136,63154679
520138,210188905
520139,28994421
520160,22063090
520177,116833652
520189,13544175
520193,21277935
520194,3918164
520196,1372730
520198,8004379
520202,18628038
520204,5529135
520205,5423127
520206,8794133
520207,21475277
521300,1552332
521302,480746
521303,629041
521304,1010472
521305,558661
521307,1499777
521308,5797841
521309,638782
521310,2049749
521311,748473
521312,1415310
521313,935702
521314,955294
521315,2225745
521316,452872
521317,989353
521318,2890226
521319,867390
521320,2114815
521321,1475935
521322,2363493
521323,737078
521324,1172531
521325,1824186
521326,1793151
521327,1842220
521328,1684531
521329,1140413
521330,4022002
521331,1034025
521332,882608
521333,2875135
521334,2684230
521335,3418603
521336,2410324
521337,5915802
521338,5373495
521339,1612001
521340,5744551
521341,4714100
521342,1124235
521343,6118908
521344,1163103
521345,2704511
521346,3310713
521347,2603672
521348,4121148
521349,3840852
521350,3629204
521351,4296922
521352,3629961
521353,1703953
521354,3643090
521355,3992611
521357,4748664
521358,5383873
521359,6246511
522004,8523928
522005,5301119
522006,16871064
522007,9380887
522008,13479925
523025,2893890
523027,9239867
523300,535192
524000,1584219
524001,2651122
524002,3570452
524008,2837619
524014,721128
524017,681192
524018,2291944
524019,488762
524025,656782
524026,880810
524038,406715
530002,8621128
530006,10661918
530008,4350981
530010,5871452
530011,6487868
530012,37613106
530014,52771092
530015,9415089
530025,9814485
530032,2494662
530033,6772058
531301,352741
531302,4522794
531303,341423
531304,2577870
531305,1622429
531306,2924425
531307,1774791
531308,971736
531309,628615
531310,2399731
531311,298890
531312,10450679
531313,2287308
531314,834636
531315,273615
531316,1539737
533027,10413904
534001,187358
534004,1618446
670002,4393609
670004,4570952
670005,546130
670006,4301511
670008,2802036
670010,6384193
670012,10065785
670018,137129
670019,19632883
670023,18080994
670024,30203246
670025,42853704
670029,713878
670031,9789354
670034,22699212
670041,22425608
670043,7283931
670044,9444909
670046,1383010
670047,18999818
670049,3835370
670050,10587206
670052,622242
670053,8436513
670054,3012777
670055,25259965
670056,16822970
670059,3031250
670060,11218000
670061,2842612
670064,1198132
670066,68654
670067,4029942
670068,9567916
670069,1536418
670071,5431319
670072,4607492
670073,6717650
670075,6876766
670076,1111236
670077,17181354
670078,410577
670079,5303617
673025,7998757
673027,11032240
673029,15511686
673031,11010598
673032,14995555
673033,9955028
673034,23193401
673035,10634057
673036,8704663
673038,5332973
673039,5473897
673040,9440352
673042,12504462
673043,7262605
673044,12165314
673045,6314892
673047,3860957
673048,12270581
673049,9375166
