provider_id,corrected_fy_2015_readmissions_adjustment_factor
010001,0.9968
010005,0.9929
010006,1.0000
010007,0.9961
010008,0.9990
010011,0.9965
010012,0.9927
010016,0.9918
010018,1.0000
010019,0.9989
010021,0.9913
010022,1.0000
010023,0.9933
010024,0.9956
010025,0.9978
010027,1.0000
010029,0.9927
010032,0.9903
010033,0.9939
010034,0.9992
010035,0.9909
010036,1.0000
010038,0.9921
010039,0.9998
010040,0.9889
010043,0.9986
010044,1.0000
010045,0.9897
010046,0.9862
010047,0.9939
010049,0.9918
010050,1.0000
010051,0.9976
010052,0.9943
010054,0.9932
010055,0.9981
010056,0.9841
010058,0.9961
010059,0.9966
010061,0.9924
010062,1.0000
010065,0.9968
010066,0.9970
010069,0.9965
010073,0.9922
010078,0.9929
010079,0.9991
010083,0.9910
010085,0.9965
010086,0.9972
010087,1.0000
010089,0.9865
010090,0.9908
010091,1.0000
010092,0.9876
010095,1.0000
010097,0.9982
010099,0.9915
010100,0.9966
010101,0.9979
010102,1.0000
010103,1.0000
010104,0.9950
010108,0.9857
010109,0.9955
010110,1.0000
010112,0.9980
010113,0.9902
010114,0.9960
010118,0.9904
010120,1.0000
010125,0.9979
010126,0.9943
010128,0.9987
010129,0.9989
010130,0.9807
010131,0.9920
010137,1.0000
010138,1.0000
010139,0.9965
010144,0.9915
010146,0.9942
010148,0.9788
010149,0.9961
010150,1.0000
010152,1.0000
010157,0.9962
010158,0.9855
010164,0.9987
010168,0.9997
010169,0.9920
020001,1.0000
020006,0.9908
020008,0.9873
020012,0.9993
020017,1.0000
020018,1.0000
020024,0.9859
020026,0.9951
020027,1.0000
030001,0.9985
030002,0.9980
030006,0.9986
030007,1.0000
030010,1.0000
030011,0.9982
030012,0.9993
030013,0.9935
030014,0.9954
030016,0.9837
030022,1.0000
030023,1.0000
030024,0.9997
030030,0.9988
030033,0.9802
030036,0.9979
030037,0.9999
030038,1.0000
030043,0.9907
030055,0.9968
030061,0.9980
030062,0.9982
030064,0.9957
030065,0.9940
030068,0.9884
030069,0.9997
030071,0.9986
030073,0.9877
030074,1.0000
030077,1.0000
030078,0.9997
030083,0.9983
030084,0.9989
030085,0.9991
030087,1.0000
030088,0.9960
030089,0.9914
030092,0.9975
030093,0.9928
030094,0.9988
030100,0.9983
030101,0.9908
030103,0.9996
030105,0.9998
030107,0.9700
030108,0.9946
030110,0.9949
030111,0.9999
030112,0.9700
030113,1.0000
030114,0.9966
030115,0.9907
030117,0.9747
030118,0.9969
030119,0.9972
030120,0.9985
030121,0.9870
030122,0.9989
030123,1.0000
030126,0.9985
030130,1.0000
030131,1.0000
030132,1.0000
030134,1.0000
040001,0.9964
040002,0.9941
040004,1.0000
040007,0.9937
040010,1.0000
040011,0.9817
040014,0.9845
040015,1.0000
040016,0.9975
040017,0.9921
040018,0.9855
040019,0.9956
040020,0.9945
040022,0.9917
040026,1.0000
040027,0.9837
040029,0.9958
040036,0.9912
040039,0.9833
040041,0.9974
040042,0.9922
040047,0.9893
040050,1.0000
040051,0.9917
040055,0.9958
040062,1.0000
040067,0.9955
040069,0.9846
040071,0.9975
040072,0.9936
040074,0.9864
040076,0.9897
040078,0.9807
040080,0.9785
040084,0.9857
040085,0.9842
040088,0.9960
040114,0.9919
040118,0.9889
040119,0.9747
040134,0.9999
040137,0.9959
040147,1.0000
040152,0.9700
040153,1.0000
050002,0.9894
050006,1.0000
050007,1.0000
050008,0.9999
050009,0.9997
050013,1.0000
050014,0.9978
050016,1.0000
050017,0.9993
050018,0.9985
050022,0.9907
050024,0.9995
050025,0.9979
050026,0.9996
050028,1.0000
050030,0.9897
050036,0.9946
050038,0.9990
050039,0.9795
050040,0.9962
050042,1.0000
050043,0.9909
050045,0.9910
050046,1.0000
050047,0.9999
050054,0.9979
050055,0.9978
050056,0.9967
050057,1.0000
050058,0.9839
050060,0.9957
050063,0.9918
050067,0.9971
050069,0.9994
050070,1.0000
050071,0.9992
050072,1.0000
050073,1.0000
050075,0.9995
050076,0.9994
050077,0.9945
050078,0.9977
050079,0.9940
050082,0.9928
050084,0.9998
050089,0.9994
050090,1.0000
050091,0.9882
050093,0.9938
050096,1.0000
050099,0.9964
050100,0.9997
050101,0.9987
050102,0.9922
050103,0.9972
050104,1.0000
050107,1.0000
050108,0.9995
050110,0.9999
050111,1.0000
050112,0.9892
050113,1.0000
050115,1.0000
050116,0.9968
050118,0.9901
050121,0.9945
050122,0.9810
050124,0.9994
050125,0.9935
050126,0.9861
050127,0.9988
050128,0.9994
050129,0.9980
050131,0.9968
050132,0.9919
050133,0.9938
050135,0.9997
050136,1.0000
050137,1.0000
050138,1.0000
050139,1.0000
050140,0.9989
050145,1.0000
050149,0.9912
050150,0.9950
050152,0.9947
050153,0.9978
050158,0.9965
050159,0.9981
050167,1.0000
050168,0.9993
050169,1.0000
050174,1.0000
050179,0.9811
050180,1.0000
050189,0.9981
050191,0.9979
050192,0.9991
050194,0.9964
050195,0.9876
050196,1.0000
050197,0.9999
050204,0.9923
050205,1.0000
050211,0.9927
050222,0.9960
050224,1.0000
050225,0.9885
050226,0.9920
050228,0.9976
050230,0.9987
050231,0.9959
050232,0.9998
050234,0.9998
050235,0.9969
050236,0.9925
050238,0.9984
050239,0.9914
050242,1.0000
050243,0.9944
050245,0.9996
050248,0.9967
050254,0.9974
050257,0.9998
050261,0.9925
050262,0.9976
050272,1.0000
050276,1.0000
050277,0.9988
050278,0.9932
050279,0.9963
050280,1.0000
050281,1.0000
050283,0.9980
050289,0.9941
050290,0.9980
050291,0.9999
050292,0.9984
050295,0.9961
050296,0.9945
050298,0.9963
050300,0.9944
050301,0.9981
050305,0.9997
050308,0.9957
050309,0.9954
050313,0.9982
050315,1.0000
050320,0.9974
050324,0.9976
050327,0.9994
050329,0.9960
050334,0.9989
050335,1.0000
050336,0.9990
050342,0.9938
050348,0.9987
050349,1.0000
050350,0.9969
050351,0.9972
050352,0.9932
050353,0.9952
050357,1.0000
050359,0.9994
050360,0.9978
050367,0.9930
050373,0.9987
050376,0.9986
050378,0.9970
050380,0.9898
050382,0.9975
050385,0.9983
050390,0.9941
050393,0.9975
050394,1.0000
050396,0.9987
050397,0.9955
050407,0.9784
050411,1.0000
050414,0.9983
050417,0.9995
050423,0.9978
050424,1.0000
050425,1.0000
050426,0.9971
050434,0.9921
050435,0.9990
050438,0.9983
050441,0.9985
050444,0.9946
050454,0.9977
050455,0.9897
050457,0.9984
050464,0.9941
050468,0.9978
050471,0.9961
050481,0.9986
050485,0.9976
050488,0.9934
050492,1.0000
050496,0.9988
050498,0.9999
050502,0.9990
050503,1.0000
050506,0.9998
050510,1.0000
050512,1.0000
050515,1.0000
050516,0.9951
050517,0.9974
050523,0.9950
050526,0.9962
050528,0.9948
050531,1.0000
050534,0.9893
050537,0.9973
050541,1.0000
050543,1.0000
050545,1.0000
050546,0.9839
050547,1.0000
050548,1.0000
050549,0.9985
050551,0.9938
050552,1.0000
050557,0.9982
050561,1.0000
050567,0.9987
050568,0.9982
050570,0.9907
050573,1.0000
050575,0.9999
050580,0.9980
050581,0.9968
050586,0.9998
050588,0.9954
050589,0.9961
050590,0.9959
050597,0.9989
050599,0.9964
050603,1.0000
050604,0.9986
050608,0.9958
050609,1.0000
050616,0.9975
050618,0.9986
050624,0.9979
050625,0.9985
050633,0.9851
050636,1.0000
050641,0.9987
050644,0.9990
050663,0.9979
050668,1.0000
050674,1.0000
050677,1.0000
050678,0.9943
050684,0.9939
050686,1.0000
050688,0.9962
050689,0.9937
050690,1.0000
050696,0.9981
050697,1.0000
050701,0.9979
050704,0.9997
050708,1.0000
050709,0.9962
050710,1.0000
050714,1.0000
050717,1.0000
050723,1.0000
050724,0.9974
050726,0.9932
050727,0.9997
050732,1.0000
050735,1.0000
050736,0.9971
050737,0.9905
050738,0.9956
050739,0.9921
050740,0.9997
050742,0.9950
050744,0.9984
050745,0.9984
050746,0.9988
050747,0.9987
050748,1.0000
050749,1.0000
050751,1.0000
050752,0.9890
050754,1.0000
050755,0.9951
050757,0.9995
050758,0.9980
050760,1.0000
050761,0.9973
050763,0.9996
050764,0.9935
050765,0.9993
050766,0.9700
050767,1.0000
050768,0.9995
050769,1.0000
050770,0.9929
050771,0.9963
050772,1.0000
050773,1.0000
050774,1.0000
060001,0.9948
060003,1.0000
060004,0.9956
060006,1.0000
060008,0.9965
060009,1.0000
060010,1.0000
060011,0.9999
060012,1.0000
060013,1.0000
060014,0.9999
060015,0.9990
060016,0.9901
060020,0.9989
060022,1.0000
060023,0.9994
060024,0.9913
060027,0.9959
060028,0.9995
060030,0.9991
060031,1.0000
060032,0.9991
060034,0.9985
060036,0.9871
060043,1.0000
060044,0.9996
060049,0.9947
060054,1.0000
060064,0.9998
060065,0.9948
060071,0.9996
060075,1.0000
060076,1.0000
060096,1.0000
060100,0.9944
060103,1.0000
060104,0.9952
060107,1.0000
060112,1.0000
060113,1.0000
060114,0.9895
060116,0.9999
060117,1.0000
060118,0.9993
060119,0.9995
060124,1.0000
060125,1.0000
070002,0.9952
070003,0.9951
070004,0.9960
070005,0.9953
070006,0.9994
070007,0.9940
070008,0.9921
070010,0.9958
070011,0.9929
070012,0.9915
070015,1.0000
070016,0.9994
070017,0.9918
070018,0.9961
070019,0.9853
070020,0.9876
070021,0.9935
070022,0.9929
070024,0.9944
070025,0.9976
070027,0.9998
070028,0.9816
070029,0.9872
070031,0.9923
070033,0.9985
070034,0.9980
070035,0.9894
070036,0.9963
070038,1.0000
070039,0.9883
070040,1.0000
080001,0.9972
080003,0.9957
080004,0.9978
080006,0.9993
080007,0.9979
080009,0.9992
090001,0.9939
090003,0.9907
090004,0.9975
090005,0.9807
090006,0.9739
090008,0.9969
090011,0.9967
100001,0.9952
100002,0.9993
100006,0.9936
100007,0.9894
100008,0.9977
100009,0.9911
100012,0.9915
100014,0.9986
100017,0.9977
100018,1.0000
100019,0.9947
100022,0.9947
100023,0.9992
100025,1.0000
100026,0.9967
100028,1.0000
100029,0.9956
100030,0.9979
100032,0.9889
100034,0.9984
100035,0.9975
100038,0.9950
100039,0.9989
100040,0.9924
100043,1.0000
100044,0.9985
100045,0.9938
100046,0.9967
100047,0.9941
100048,1.0000
100049,0.9892
100050,0.9883
100051,0.9986
100052,0.9922
100053,0.9878
100054,0.9939
100055,0.9912
100057,0.9923
100062,0.9949
100063,0.9998
100067,0.9907
100068,0.9996
100069,0.9985
100070,1.0000
100071,0.9949
100072,0.9940
100073,0.9980
100075,0.9888
100076,0.9953
100077,0.9869
100080,0.9902
100081,0.9886
100084,0.9813
100086,0.9970
100087,1.0000
100088,0.9998
100090,1.0000
100092,0.9911
100093,0.9994
100099,0.9803
100102,0.9839
100105,1.0000
100106,0.9997
100107,0.9900
100109,0.9940
100110,0.9840
100113,0.9975
100117,0.9932
100118,0.9963
100121,0.9973
100122,0.9968
100124,0.9936
100125,0.9961
100126,0.9952
100127,0.9988
100128,0.9996
100130,0.9984
100131,0.9887
100132,0.9976
100134,1.0000
100135,1.0000
100137,0.9922
100139,0.9966
100140,1.0000
100142,0.9970
100150,0.9891
100151,0.9979
100154,1.0000
100156,0.9920
100157,0.9924
100161,0.9929
100166,0.9995
100167,0.9969
100168,0.9982
100173,0.9941
100175,0.9888
100176,0.9935
100177,0.9909
100179,0.9919
100180,0.9973
100181,0.9976
100183,0.9928
100187,0.9875
100189,0.9874
100191,0.9888
100200,0.9986
100204,0.9956
100206,0.9977
100209,0.9829
100211,0.9971
100212,0.9996
100213,0.9987
100217,0.9846
100220,0.9938
100223,0.9953
100224,0.9929
100226,0.9990
100228,0.9952
100230,0.9973
100231,0.9994
100232,0.9970
100234,0.9997
100236,0.9966
100238,0.9847
100239,0.9974
100240,1.0000
100242,0.9953
100243,0.9975
100244,0.9975
100246,0.9984
100248,0.9909
100249,1.0000
100252,0.9906
100253,1.0000
100254,0.9925
100255,1.0000
100256,0.9908
100258,1.0000
100259,0.9878
100260,0.9764
100264,0.9897
100265,0.9991
100266,0.9995
100267,0.9991
100268,0.9978
100269,0.9980
100275,0.9902
100276,0.9893
100277,0.9990
100281,0.9924
100284,0.9942
100285,0.9962
100286,0.9930
100287,0.9998
100288,0.9973
100289,0.9928
100290,0.9964
100291,0.9899
100292,1.0000
100296,0.9994
100299,0.9993
100302,0.9953
100307,0.9714
100313,0.9960
100314,0.9954
100315,0.9991
100316,0.9980
100319,0.9999
100320,1.0000
110001,0.9987
110002,0.9984
110003,0.9963
110004,1.0000
110005,0.9990
110006,1.0000
110007,0.9982
110008,0.9992
110010,0.9998
110011,0.9977
110015,0.9987
110016,0.9969
110018,0.9986
110023,0.9917
110024,0.9993
110025,0.9969
110026,0.9761
110027,1.0000
110028,0.9970
110029,0.9981
110030,0.9977
110031,0.9905
110032,0.9941
110034,0.9983
110035,0.9923
110036,0.9927
110038,0.9929
110039,0.9878
110040,0.9980
110041,0.9946
110042,0.9917
110043,0.9995
110044,0.9978
110045,0.9970
110046,0.9971
110050,1.0000
110051,0.9996
110054,0.9998
110064,0.9993
110069,0.9787
110071,0.9980
110073,0.9922
110074,0.9979
110075,0.9945
110076,0.9942
110078,0.9993
110079,0.9960
110082,1.0000
110083,0.9954
110086,0.9958
110087,0.9996
110089,0.9888
110091,0.9899
110092,0.9936
110095,0.9991
110100,0.9980
110101,0.9963
110104,0.9873
110105,0.9936
110107,0.9948
110109,0.9915
110111,0.9955
110112,0.9958
110113,0.9980
110115,0.9984
110121,1.0000
110122,0.9950
110124,0.9913
110125,1.0000
110128,0.9899
110129,0.9964
110130,1.0000
110132,0.9959
110135,0.9998
110142,0.9942
110143,0.9996
110146,1.0000
110150,0.9993
110153,0.9888
110161,1.0000
110164,0.9961
110165,0.9955
110168,0.9931
110177,0.9951
110183,0.9987
110184,0.9952
110186,0.9963
110187,0.9855
110189,0.9700
110190,0.9982
110191,0.9925
110192,0.9950
110194,1.0000
110198,0.9951
110200,1.0000
110201,1.0000
110203,0.9984
110205,0.9903
110209,1.0000
110215,0.9991
110219,0.9969
110225,0.9903
110226,0.9971
110229,0.9948
110230,0.9950
110233,1.0000
120001,0.9995
120002,0.9995
120004,0.9966
120005,0.9992
120006,0.9943
120007,0.9970
120011,0.9994
120014,0.9987
120019,0.9992
120022,1.0000
120026,0.9962
120028,1.0000
130002,0.9931
130003,1.0000
130006,1.0000
130007,1.0000
130013,0.9828
130014,0.9986
130018,1.0000
130025,0.9948
130028,1.0000
130049,0.9995
130063,1.0000
130065,1.0000
130066,1.0000
130067,1.0000
140001,0.9805
140002,0.9924
140007,0.9734
140008,0.9984
140010,0.9997
140011,0.9890
140012,0.9921
140013,0.9918
140015,0.9913
140018,0.9966
140019,0.9958
140026,0.9902
140029,0.9997
140030,0.9955
140032,0.9989
140034,0.9816
140040,0.9802
140043,0.9972
140046,0.9941
140048,0.9887
140049,0.9973
140051,0.9992
140052,0.9848
140053,0.9997
140054,0.9953
140058,0.9984
140059,0.9816
140062,0.9914
140063,0.9925
140064,0.9959
140065,0.9858
140067,0.9978
140068,0.9846
140077,0.9948
140080,0.9916
140082,0.9846
140083,0.9974
140084,0.9944
140088,0.9946
140089,0.9982
140091,0.9968
140093,0.9826
140095,0.9981
140100,1.0000
140101,0.9934
140103,0.9857
140110,0.9813
140113,0.9862
140114,0.9946
140115,0.9981
140116,0.9924
140117,1.0000
140118,0.9891
140119,0.9883
140120,0.9740
140122,0.9889
140124,0.9977
140125,0.9929
140127,0.9884
140130,0.9821
140133,0.9886
140135,1.0000
140137,0.9992
140143,0.9976
140145,0.9987
140147,0.9779
140148,0.9988
140150,0.9982
140151,0.9919
140155,0.9861
140158,0.9920
140160,0.9957
140161,1.0000
140162,0.9999
140164,0.9974
140166,0.9938
140167,1.0000
140172,0.9841
140174,0.9983
140176,0.9861
140177,0.9926
140179,0.9841
140180,0.9923
140181,0.9948
140182,0.9898
140184,0.9891
140185,0.9956
140186,1.0000
140187,0.9942
140189,0.9834
140191,0.9706
140197,0.9988
140200,0.9950
140202,0.9977
140206,0.9959
140208,0.9799
140209,0.9956
140210,0.9920
140211,0.9996
140213,0.9856
140217,0.9935
140223,0.9890
140224,0.9888
140228,0.9916
140231,0.9967
140233,0.9978
140234,0.9945
140239,0.9955
140240,0.9952
140242,1.0000
140250,0.9952
140251,0.9990
140252,0.9961
140258,0.9956
140275,0.9918
140276,0.9984
140280,0.9991
140281,0.9802
140286,0.9928
140288,0.9948
140289,0.9995
140290,0.9973
140291,0.9998
140292,0.9996
140294,0.9870
140300,0.9971
140304,0.9949
150001,0.9984
150002,0.9802
150003,0.9969
150004,0.9894
150005,0.9991
150006,0.9876
150007,0.9987
150008,0.9997
150009,0.9969
150010,1.0000
150011,1.0000
150012,1.0000
150015,0.9956
150017,0.9990
150018,0.9959
150021,1.0000
150022,0.9825
150023,0.9919
150024,0.9958
150026,0.9938
150030,0.9946
150034,0.9865
150035,0.9924
150037,1.0000
150038,1.0000
150042,0.9973
150044,0.9911
150045,1.0000
150046,0.9894
150047,0.9979
150048,0.9910
150051,0.9996
150056,0.9990
150057,1.0000
150058,0.9999
150059,1.0000
150061,0.9973
150064,0.9963
150065,0.9925
150069,0.9979
150072,1.0000
150074,0.9997
150075,0.9803
150076,0.9874
150082,0.9960
150084,0.9998
150086,0.9920
150088,0.9850
150089,0.9981
150090,0.9813
150091,0.9967
150097,0.9995
150100,0.9886
150101,0.9984
150102,0.9945
150104,0.9989
150109,1.0000
150112,0.9975
150113,0.9862
150115,1.0000
150125,0.9920
150126,0.9989
150128,0.9885
150129,0.9990
150133,0.9856
150146,0.9946
150149,1.0000
150150,0.9972
150153,1.0000
150154,0.9959
150157,0.9992
150158,0.9929
150160,1.0000
150161,0.9980
150162,0.9986
150163,0.9868
150164,0.9886
150165,1.0000
150166,0.9851
150167,1.0000
150168,1.0000
150169,0.9991
150172,1.0000
150173,0.9997
150175,0.9985
150176,0.9934
150177,0.9850
150179,1.0000
150180,1.0000
150181,1.0000
150182,1.0000
160001,0.9925
160005,1.0000
160008,0.9984
160013,0.9974
160016,0.9990
160024,0.9996
160028,0.9999
160029,1.0000
160030,0.9993
160032,0.9700
160033,1.0000
160040,0.9994
160045,0.9986
160047,0.9977
160057,0.9813
160058,0.9996
160064,1.0000
160067,1.0000
160069,0.9968
160079,0.9930
160080,0.9942
160082,1.0000
160083,1.0000
160089,0.9984
160101,1.0000
160104,0.9700
160110,0.9869
160112,0.9996
160117,1.0000
160122,0.9971
160124,0.9752
160146,1.0000
160147,0.9995
160153,1.0000
170001,0.9895
170006,0.9992
170009,0.9975
170010,0.9979
170012,1.0000
170013,1.0000
170014,0.9975
170016,0.9906
170017,0.9839
170020,1.0000
170023,0.9998
170027,0.9863
170039,0.9994
170040,0.9990
170049,0.9992
170058,1.0000
170068,0.9981
170074,0.9999
170075,1.0000
170086,0.9997
170094,0.9892
170103,0.9999
170104,0.9929
170105,0.9990
170109,1.0000
170110,0.9986
170120,0.9999
170122,1.0000
170123,0.9993
170133,0.9992
170137,0.9986
170142,0.9989
170145,0.9992
170146,0.9953
170150,0.9968
170166,0.9778
170175,0.9992
170176,0.9934
170182,0.9943
170183,1.0000
170185,0.9865
170186,1.0000
170187,1.0000
170188,1.0000
170190,1.0000
170191,1.0000
170194,1.0000
170196,1.0000
170197,1.0000
170198,1.0000
170199,1.0000
170200,0.9935
170203,1.0000
180001,0.9957
180002,0.9700
180004,0.9937
180005,0.9886
180009,0.9852
180010,0.9966
180011,0.9981
180012,0.9972
180013,0.9873
180016,0.9992
180017,0.9953
180018,0.9898
180019,0.9955
180020,0.9789
180021,0.9700
180024,0.9949
180025,0.9778
180027,0.9947
180029,0.9700
180035,0.9924
180036,0.9880
180038,1.0000
180040,0.9920
180043,0.9700
180044,0.9937
180045,0.9860
180046,0.9947
180048,0.9970
180049,0.9998
180050,0.9700
180051,0.9706
180053,0.9724
180056,0.9775
180064,0.9983
180066,0.9908
180067,0.9958
180069,0.9700
180070,0.9831
180078,0.9945
180079,0.9863
180080,0.9984
180087,0.9916
180088,0.9982
180092,0.9994
180093,0.9952
180095,0.9848
180101,0.9995
180102,0.9983
180103,0.9986
180104,0.9969
180105,0.9700
180106,0.9769
180115,0.9863
180116,0.9833
180117,0.9910
180124,0.9885
180127,0.9967
180128,0.9700
180130,1.0000
180132,0.9942
180138,0.9940
180139,0.9758
180141,0.9994
180143,0.9774
180149,0.9700
190001,0.9966
190002,0.9966
190003,1.0000
190004,0.9900
190005,0.9997
190006,1.0000
190007,0.9947
190008,0.9978
190009,0.9986
190011,0.9989
190013,1.0000
190014,0.9921
190015,0.9925
190017,0.9995
190019,0.9931
190020,0.9857
190025,0.9888
190026,0.9991
190027,1.0000
190034,0.9874
190036,0.9903
190039,0.9978
190040,0.9978
190041,0.9981
190044,0.9987
190045,0.9950
190046,0.9999
190050,0.9955
190053,0.9864
190054,0.9984
190060,0.9938
190064,1.0000
190065,0.9963
190079,0.9914
190081,0.9932
190086,0.9897
190088,0.9957
190090,0.9960
190098,0.9965
190099,0.9790
190102,0.9987
190106,0.9993
190111,0.9995
190114,0.9965
190116,0.9974
190118,0.9768
190122,1.0000
190125,0.9988
190128,1.0000
190133,0.9904
190135,0.9990
190140,0.9700
190144,0.9842
190145,0.9840
190146,0.9992
190151,0.9942
190160,0.9799
190161,1.0000
190164,0.9792
190167,0.9879
190175,0.9947
190176,0.9978
190177,0.9980
190183,0.9985
190184,1.0000
190190,1.0000
190199,1.0000
190201,0.9932
190202,0.9986
190204,0.9945
190205,0.9982
190208,0.9852
190218,0.9957
190236,0.9938
190241,0.9700
190242,0.9972
190245,1.0000
190246,1.0000
190250,0.9987
190251,1.0000
190256,1.0000
190257,0.9901
190259,1.0000
190261,1.0000
190263,0.9999
190266,1.0000
190267,1.0000
190268,1.0000
190270,0.9921
190273,1.0000
190274,0.9979
190278,0.9879
190297,0.9760
190298,1.0000
190300,1.0000
190303,0.9961
190304,1.0000
190307,1.0000
190308,1.0000
190310,1.0000
200001,0.9970
200002,0.9954
200008,0.9988
200009,1.0000
200018,0.9965
200019,1.0000
200020,0.9978
200021,0.9968
200024,0.9967
200025,1.0000
200031,0.9995
200033,0.9994
200034,1.0000
200037,0.9977
200039,1.0000
200040,0.9994
200041,0.9998
200050,0.9823
200052,0.9973
200063,0.9984
210001,1.0000
210002,1.0000
210003,1.0000
210004,1.0000
210005,1.0000
210006,1.0000
210007,1.0000
210008,1.0000
210009,1.0000
210011,1.0000
210012,1.0000
210013,1.0000
210015,1.0000
210016,1.0000
210017,1.0000
210018,1.0000
210019,1.0000
210022,1.0000
210023,1.0000
210024,1.0000
210027,1.0000
210028,1.0000
210029,1.0000
210030,1.0000
210032,1.0000
210033,1.0000
210034,1.0000
210035,1.0000
210037,1.0000
210038,1.0000
210039,1.0000
210040,1.0000
210043,1.0000
210044,1.0000
210045,1.0000
210048,1.0000
210049,1.0000
210051,1.0000
210054,1.0000
210055,1.0000
210056,1.0000
210057,1.0000
210058,1.0000
210060,1.0000
210061,1.0000
210062,1.0000
210063,1.0000
210064,1.0000
220001,0.9928
220002,0.9954
220008,0.9955
220010,0.9936
220011,0.9914
220012,0.9995
220015,0.9954
220016,0.9991
220017,0.9929
220019,0.9879
220020,0.9892
220024,0.9923
220029,0.9806
220030,0.9857
220031,0.9944
220033,0.9883
220035,0.9997
220036,0.9878
220046,0.9995
220049,0.9971
220050,1.0000
220051,0.9908
220052,0.9957
220058,0.9871
220060,0.9968
220062,1.0000
220063,0.9958
220065,0.9963
220066,0.9969
220067,0.9856
220070,0.9872
220071,0.9976
220073,0.9819
220074,0.9860
220075,1.0000
220077,1.0000
220080,0.9871
220082,0.9817
220083,0.9929
220084,0.9999
220086,0.9936
220088,1.0000
220090,0.9801
220095,0.9960
220098,0.9954
220100,0.9955
220101,0.9983
220105,0.9851
220108,0.9809
220110,0.9973
220111,0.9882
220116,0.9872
220119,0.9922
220126,0.9892
220135,0.9990
220163,0.9943
220171,0.9909
220174,0.9965
220175,0.9986
220176,0.9951
220177,1.0000
230002,0.9872
230003,0.9900
230004,0.9998
230005,1.0000
230013,0.9989
230015,0.9973
230017,1.0000
230019,0.9850
230020,0.9935
230021,0.9967
230022,0.9885
230024,0.9872
230029,0.9991
230030,0.9973
230031,0.9902
230035,1.0000
230036,1.0000
230037,0.9794
230038,1.0000
230040,0.9992
230041,0.9967
230046,0.9978
230047,0.9960
230053,0.9926
230054,1.0000
230055,0.9989
230058,0.9998
230059,0.9952
230066,1.0000
230069,0.9966
230070,0.9908
230071,1.0000
230072,1.0000
230075,0.9912
230077,0.9965
230078,0.9951
230080,0.9944
230081,0.9854
230085,1.0000
230089,0.9883
230092,0.9983
230093,0.9990
230095,1.0000
230096,0.9962
230097,0.9984
230099,0.9979
230100,1.0000
230104,0.9918
230105,1.0000
230106,0.9997
230108,1.0000
230110,1.0000
230117,0.9987
230118,0.9980
230121,1.0000
230130,0.9832
230132,0.9961
230133,1.0000
230141,0.9965
230142,0.9778
230144,1.0000
230146,0.9939
230151,0.9900
230156,0.9959
230165,0.9874
230167,0.9989
230174,1.0000
230176,0.9970
230180,0.9978
230193,0.9943
230195,0.9871
230197,0.9989
230207,0.9968
230208,0.9830
230216,0.9883
230217,0.9956
230222,0.9993
230227,0.9940
230230,0.9940
230236,0.9999
230239,0.9982
230241,0.9989
230244,0.9818
230254,0.9849
230259,0.9993
230264,1.0000
230269,0.9864
230270,0.9948
230273,0.9927
230275,1.0000
230277,0.9838
230279,1.0000
230297,1.0000
230301,1.0000
230302,0.9979
240001,1.0000
240002,0.9987
240004,0.9983
240006,1.0000
240010,0.9995
240014,0.9997
240018,0.9861
240019,1.0000
240020,0.9918
240022,0.9989
240030,0.9966
240036,0.9995
240038,0.9981
240040,0.9975
240043,1.0000
240044,0.9978
240047,1.0000
240050,0.9992
240052,1.0000
240053,0.9987
240056,0.9971
240057,0.9989
240059,0.9875
240061,1.0000
240063,0.9997
240064,0.9972
240066,0.9997
240069,0.9813
240071,0.9935
240075,0.9989
240076,0.9967
240078,1.0000
240080,0.9986
240084,1.0000
240088,1.0000
240093,1.0000
240100,0.9983
240101,0.9998
240104,0.9911
240106,1.0000
240115,0.9958
240117,0.9961
240132,0.9924
240141,1.0000
240166,0.9838
240187,0.9950
240196,1.0000
240206,1.0000
240207,0.9930
240210,0.9985
240213,0.9998
240214,0.9980
250001,0.9960
250002,1.0000
250004,0.9988
250006,0.9908
250007,0.9959
250009,0.9891
250010,0.9897
250012,0.9933
250015,0.9980
250017,0.9948
250018,1.0000
250019,0.9992
250020,0.9932
250025,0.9927
250027,1.0000
250031,0.9906
250034,0.9986
250036,0.9952
250038,0.9919
250040,0.9825
250042,0.9873
250043,0.9932
250044,0.9975
250048,0.9954
250049,0.9957
250050,0.9916
250051,0.9989
250057,0.9973
250058,0.9970
250059,1.0000
250060,1.0000
250061,0.9932
250067,0.9930
250069,0.9918
250072,0.9962
250077,0.9859
250078,0.9904
250079,0.9957
250081,0.9969
250082,0.9974
250084,0.9987
250085,0.9919
250093,0.9848
250094,0.9874
250095,0.9915
250096,0.9974
250097,0.9843
250099,0.9974
250100,0.9995
250102,0.9964
250104,0.9960
250117,0.9875
250122,0.9895
250123,0.9909
250124,0.9980
250126,0.9922
250127,1.0000
250128,0.9971
250134,1.0000
250136,1.0000
250138,0.9700
250141,0.9832
250151,1.0000
250152,1.0000
250162,0.9981
260001,0.9922
260004,1.0000
260005,0.9937
260006,0.9990
260009,0.9981
260011,0.9837
260015,0.9899
260017,1.0000
260020,0.9893
260022,0.9989
260023,0.9792
260024,0.9965
260025,0.9979
260027,0.9974
260032,0.9961
260034,0.9984
260040,0.9993
260047,0.9975
260048,0.9992
260050,0.9946
260052,0.9928
260057,0.9970
260059,0.9947
260061,0.9967
260062,0.9946
260064,1.0000
260065,0.9979
260068,1.0000
260070,0.9775
260074,0.9887
260077,0.9834
260078,0.9970
260080,0.9977
260081,0.9990
260085,0.9938
260091,0.9941
260094,0.9986
260095,0.9930
260096,0.9994
260097,0.9700
260102,0.9997
260104,0.9953
260105,0.9984
260108,0.9980
260110,0.9961
260113,0.9927
260116,0.9919
260119,0.9889
260137,1.0000
260138,0.9962
260141,0.9996
260142,0.9916
260147,0.9954
260160,0.9946
260162,1.0000
260163,1.0000
260175,0.9906
260176,0.9810
260177,0.9826
260179,0.9954
260180,0.9934
260183,0.9990
260186,0.9886
260190,0.9948
260191,0.9901
260193,0.9887
260195,0.9984
260200,0.9894
260207,0.9993
260209,1.0000
260210,0.9978
260211,1.0000
260214,1.0000
260216,0.9792
260219,0.9862
260227,1.0000
260228,0.9951
260229,1.0000
270003,0.9909
270004,1.0000
270012,1.0000
270014,1.0000
270017,0.9975
270023,0.9999
270032,0.9951
270049,0.9948
270051,1.0000
270057,1.0000
270074,1.0000
270086,1.0000
270087,1.0000
280003,1.0000
280009,1.0000
280013,0.9996
280020,1.0000
280023,0.9992
280030,0.9989
280032,0.9998
280040,0.9963
280060,0.9999
280061,0.9920
280065,0.9992
280077,1.0000
280081,0.9979
280105,0.9996
280111,0.9810
280119,1.0000
280125,1.0000
280127,1.0000
280128,1.0000
280129,1.0000
280130,0.9994
280131,1.0000
280132,0.9945
280133,1.0000
290001,0.9973
290002,1.0000
290003,0.9923
290005,0.9937
290006,0.9895
290007,0.9973
290008,0.9957
290009,0.9995
290012,0.9941
290019,1.0000
290020,1.0000
290021,0.9898
290022,0.9892
290032,0.9789
290039,0.9912
290041,0.9995
290042,1.0000
290045,0.9998
290046,0.9951
290047,0.9979
290049,0.9988
290051,0.9830
290053,0.9960
290054,0.9700
300001,0.9988
300003,1.0000
300005,0.9978
300011,0.9880
300012,0.9943
300014,0.9933
300017,0.9952
300018,0.9998
300019,1.0000
300020,0.9996
300023,1.0000
300029,0.9961
300034,1.0000
310001,0.9929
310002,0.9892
310003,0.9735
310005,0.9969
310006,0.9945
310008,0.9895
310009,0.9952
310010,0.9987
310011,0.9995
310012,0.9869
310014,0.9914
310015,0.9973
310016,0.9807
310017,0.9939
310019,0.9776
310021,0.9927
310022,0.9888
310024,0.9912
310025,0.9945
310027,0.9923
310028,0.9950
310029,0.9952
310031,0.9931
310032,0.9990
310034,0.9965
310038,0.9930
310039,0.9887
310040,0.9875
310041,0.9936
310044,0.9826
310045,0.9881
310047,0.9958
310048,0.9952
310050,0.9893
310051,0.9925
310052,0.9971
310054,0.9922
310057,0.9946
310058,0.9997
310060,0.9923
310061,0.9961
310064,0.9939
310069,0.9991
310070,0.9866
310073,0.9987
310074,0.9846
310075,0.9954
310076,0.9992
310081,0.9889
310083,0.9880
310084,0.9897
310086,0.9822
310091,0.9876
310092,0.9933
310096,0.9829
310108,0.9909
310110,0.9912
310111,0.9910
310112,0.9910
310113,0.9993
310115,0.9934
310118,0.9872
310119,0.9971
310130,1.0000
320001,1.0000
320002,1.0000
320003,0.9975
320004,1.0000
320005,0.9965
320006,0.9976
320009,0.9977
320011,0.9939
320013,0.9976
320016,1.0000
320017,0.9949
320018,0.9994
320021,0.9998
320022,0.9995
320030,0.9978
320033,0.9982
320038,0.9967
320057,1.0000
320058,1.0000
320059,1.0000
320060,1.0000
320061,0.9947
320062,1.0000
320063,1.0000
320065,0.9862
320067,1.0000
320070,1.0000
320074,0.9995
320084,0.9979
320085,0.9894
320086,0.9989
320089,1.0000
330003,0.9910
330004,0.9856
330005,0.9970
330006,0.9926
330008,0.9965
330009,0.9940
330011,0.9823
330013,0.9971
330014,0.9867
330019,0.9884
330023,0.9884
330024,0.9941
330027,0.9914
330028,0.9959
330030,0.9923
330033,0.9897
330037,0.9969
330043,0.9955
330044,0.9945
330045,0.9860
330046,0.9877
330047,0.9985
330049,0.9997
330053,0.9968
330055,0.9893
330056,0.9952
330057,0.9997
330058,0.9998
330059,0.9919
330061,0.9914
330064,0.9897
330065,0.9954
330067,0.9955
330073,0.9913
330074,0.9974
330078,0.9990
330079,0.9970
330080,0.9952
330084,0.9924
330085,0.9877
330086,0.9946
330088,0.9999
330090,0.9945
330094,0.9861
330096,0.9981
330100,1.0000
330101,0.9950
330102,0.9993
330103,0.9939
330104,0.9875
330106,0.9945
330107,0.9998
330108,0.9876
330111,0.9789
330115,0.9983
330119,0.9957
330125,0.9935
330126,0.9766
330127,0.9973
330128,0.9927
330132,0.9993
330135,0.9972
330136,0.9909
330140,0.9928
330141,0.9844
330144,0.9946
330151,0.9995
330153,0.9993
330157,0.9983
330158,0.9867
330160,0.9948
330162,0.9894
330163,0.9802
330164,0.9975
330166,1.0000
330167,0.9972
330169,0.9821
330175,0.9866
330180,0.9995
330181,0.9857
330182,1.0000
330184,0.9773
330185,0.9928
330188,0.9984
330191,0.9994
330193,0.9910
330194,0.9942
330195,0.9946
330196,0.9851
330197,0.9962
330198,0.9902
330199,0.9970
330201,0.9944
330202,0.9961
330203,0.9964
330204,0.9948
330205,0.9965
330208,0.9814
330211,0.9991
330213,0.9977
330214,0.9958
330215,0.9901
330218,0.9792
330219,0.9990
330221,0.9850
330222,0.9939
330223,0.9933
330224,1.0000
330225,0.9927
330226,0.9971
330229,0.9964
330231,0.9915
330232,0.9981
330233,0.9945
330234,0.9949
330235,0.9955
330236,0.9837
330238,0.9980
330239,0.9968
330240,0.9988
330241,0.9951
330245,0.9928
330246,0.9726
330249,0.9995
330250,0.9942
330259,0.9910
330261,0.9986
330263,0.9982
330264,0.9887
330265,0.9985
330267,0.9935
330268,1.0000
330270,1.0000
330273,0.9926
330276,0.9808
330277,0.9898
330279,0.9999
330285,0.9986
330286,0.9917
330304,0.9883
330306,0.9898
330307,0.9954
330316,0.9914
330331,0.9951
330332,0.9973
330340,0.9974
330350,0.9810
330353,0.9816
330372,0.9943
330385,0.9947
330386,0.9919
330393,0.9807
330394,0.9994
330395,0.9914
330396,0.9894
330397,0.9938
330399,0.9988
330401,0.9789
330403,1.0000
330404,1.0000
330405,1.0000
330406,1.0000
330409,1.0000
340001,0.9956
340002,1.0000
340003,0.9932
340004,0.9987
340008,0.9963
340010,0.9959
340011,0.9970
340013,0.9998
340014,0.9989
340015,0.9977
340016,1.0000
340017,1.0000
340020,0.9968
340021,0.9969
340023,0.9906
340024,0.9980
340027,0.9995
340028,0.9922
340030,0.9998
340032,1.0000
340036,1.0000
340037,0.9971
340039,0.9935
340040,0.9882
340041,0.9995
340042,0.9852
340047,0.9938
340049,1.0000
340050,0.9883
340051,0.9933
340053,0.9970
340055,0.9910
340060,0.9891
340061,0.9983
340064,0.9876
340068,0.9948
340069,0.9962
340070,0.9989
340071,0.9950
340073,0.9857
340075,0.9987
340084,0.9957
340085,0.9969
340087,0.9961
340090,0.9945
340091,1.0000
340096,0.9974
340097,0.9898
340098,1.0000
340099,0.9901
340106,0.9970
340107,0.9881
340109,0.9979
340113,0.9982
340114,0.9996
340115,0.9967
340116,0.9998
340119,0.9977
340120,0.9966
340123,0.9959
340126,0.9985
340127,0.9971
340129,0.9973
340130,0.9976
340131,1.0000
340132,0.9925
340133,0.9893
340141,0.9933
340142,1.0000
340143,0.9990
340144,0.9934
340145,0.9982
340147,0.9974
340148,1.0000
340151,0.9765
340153,1.0000
340155,0.9989
340156,0.9996
340158,0.9991
340159,0.9907
340160,0.9967
340166,0.9982
340168,1.0000
340171,0.9947
340173,0.9945
340183,0.9981
340184,0.9994
340186,0.9960
350002,1.0000
350006,0.9977
350011,1.0000
350015,1.0000
350019,1.0000
350063,1.0000
350070,0.9987
360001,0.9778
360002,1.0000
360003,0.9968
360006,0.9941
360008,0.9895
360009,0.9977
360010,0.9896
360011,0.9896
360012,0.9941
360013,1.0000
360014,0.9945
360016,0.9920
360017,0.9848
360019,0.9919
360020,0.9965
360025,0.9994
360026,0.9945
360027,0.9923
360029,0.9959
360032,0.9987
360035,0.9963
360036,0.9911
360037,0.9890
360039,0.9979
360040,0.9992
360041,0.9916
360044,0.9959
360046,0.9925
360048,0.9959
360051,0.9965
360052,0.9874
360054,0.9714
360055,0.9867
360056,0.9934
360058,0.9988
360059,0.9917
360064,0.9939
360065,0.9949
360066,0.9999
360068,1.0000
360070,1.0000
360071,1.0000
360072,0.9921
360074,0.9988
360075,0.9944
360076,0.9951
360077,0.9906
360078,0.9919
360079,0.9965
360080,0.9902
360081,0.9951
360082,0.9942
360084,0.9898
360085,0.9966
360086,0.9941
360087,0.9987
360089,0.9969
360090,0.9914
360091,0.9923
360092,0.9977
360095,1.0000
360096,0.9840
360098,0.9874
360107,1.0000
360109,0.9917
360112,0.9982
360113,0.9948
360116,1.0000
360118,0.9952
360121,0.9943
360123,0.9872
360125,0.9992
360131,0.9982
360132,0.9923
360133,0.9927
360134,0.9993
360137,0.9941
360141,0.9828
360143,0.9839
360144,0.9945
360145,0.9880
360147,0.9991
360148,0.9992
360150,0.9985
360151,0.9978
360152,0.9921
360153,0.9995
360155,0.9989
360156,1.0000
360159,0.9912
360161,0.9974
360163,1.0000
360170,0.9990
360172,0.9903
360174,0.9719
360175,0.9992
360179,0.9877
360180,0.9962
360185,1.0000
360189,0.9972
360192,0.9976
360195,0.9952
360197,1.0000
360203,0.9827
360210,0.9940
360211,0.9900
360212,1.0000
360218,0.9927
360230,0.9965
360234,0.9765
360236,0.9943
360239,0.9965
360245,1.0000
360247,1.0000
360259,0.9987
360261,1.0000
360262,0.9853
360263,1.0000
360266,1.0000
360270,0.9945
360271,1.0000
360274,1.0000
360276,0.9943
360347,1.0000
360348,1.0000
360350,0.9861
360351,0.9710
360352,0.9700
360354,0.9943
360355,1.0000
360358,1.0000
360359,0.9940
360360,0.9958
360361,1.0000
360362,1.0000
370001,0.9967
370002,0.9958
370004,0.9974
370006,0.9917
370007,0.9980
370008,0.9990
370011,0.9988
370013,0.9982
370014,0.9760
370015,0.9885
370016,0.9982
370018,1.0000
370019,1.0000
370020,0.9998
370022,0.9700
370023,0.9999
370025,0.9892
370026,1.0000
370028,0.9973
370029,0.9926
370030,0.9991
370032,1.0000
370034,0.9994
370036,0.9839
370037,0.9986
370039,0.9895
370040,0.9849
370041,0.9953
370047,0.9764
370048,0.9996
370049,1.0000
370051,0.9975
370054,0.9959
370056,0.9944
370057,0.9958
370065,0.9935
370072,1.0000
370078,0.9949
370080,1.0000
370083,0.9965
370089,0.9968
370091,0.9918
370093,0.9989
370094,0.9863
370097,0.9984
370099,0.9988
370100,0.9869
370103,0.9985
370106,0.9993
370112,0.9999
370113,0.9932
370114,0.9958
370138,0.9941
370139,0.9975
370149,0.9978
370153,0.9969
370156,0.9954
370158,0.9923
370166,0.9991
370169,0.9856
370170,1.0000
370171,0.9999
370172,0.9987
370173,0.9975
370178,0.9909
370180,0.9998
370183,1.0000
370190,1.0000
370192,1.0000
370199,1.0000
370201,1.0000
370202,0.9992
370203,1.0000
370206,1.0000
370210,1.0000
370211,1.0000
370212,1.0000
370214,1.0000
370215,1.0000
370216,1.0000
370218,0.9949
370220,1.0000
370222,1.0000
370225,1.0000
370227,0.9970
370228,0.9983
370229,0.9998
370233,1.0000
370234,0.9986
370235,0.9700
370236,0.9968
380001,0.9956
380002,0.9997
380004,1.0000
380005,1.0000
380007,0.9981
380009,0.9982
380014,0.9998
380017,0.9965
380018,1.0000
380020,0.9980
380021,0.9999
380022,1.0000
380025,0.9998
380027,0.9998
380029,1.0000
380033,0.9997
380037,0.9989
380038,1.0000
380040,1.0000
380047,1.0000
380050,1.0000
380051,1.0000
380052,1.0000
380056,0.9989
380060,0.9984
380061,1.0000
380071,0.9990
380075,0.9994
380082,1.0000
380089,0.9997
380090,0.9950
380091,1.0000
380102,1.0000
390001,0.9829
390002,0.9954
390003,0.9968
390004,0.9975
390006,0.9965
390008,0.9989
390009,0.9994
390012,0.9927
390013,0.9957
390016,0.9908
390019,0.9870
390025,1.0000
390026,0.9924
390027,0.9938
390028,0.9917
390030,0.9864
390031,0.9883
390032,0.9899
390035,1.0000
390036,0.9917
390037,0.9993
390039,1.0000
390041,0.9970
390042,0.9930
390043,0.9930
390044,1.0000
390045,1.0000
390046,0.9980
390048,0.9963
390049,0.9968
390050,0.9964
390052,0.9941
390056,0.9979
390057,0.9998
390058,0.9924
390061,0.9995
390062,1.0000
390063,0.9984
390065,0.9959
390066,1.0000
390067,0.9987
390068,1.0000
390070,0.9912
390071,1.0000
390072,0.9925
390073,0.9957
390076,0.9925
390079,0.9948
390080,0.9948
390081,0.9870
390084,0.9864
390086,1.0000
390090,0.9994
390091,0.9908
390093,0.9937
390096,1.0000
390097,0.9984
390100,0.9972
390101,0.9947
390102,0.9872
390104,1.0000
390107,0.9954
390110,0.9914
390111,0.9995
390112,0.9983
390113,1.0000
390114,0.9993
390115,0.9971
390116,0.9980
390117,1.0000
390118,0.9998
390119,0.9936
390122,0.9945
390123,0.9827
390125,0.9973
390127,0.9939
390130,0.9989
390132,0.9870
390133,0.9950
390137,0.9987
390138,0.9980
390139,0.9952
390142,0.9979
390145,0.9940
390146,0.9989
390147,0.9929
390150,0.9962
390151,0.9966
390153,0.9923
390154,0.9999
390156,0.9888
390157,1.0000
390160,0.9923
390162,0.9879
390163,0.9985
390164,0.9976
390168,0.9982
390173,0.9969
390174,0.9775
390178,0.9994
390179,0.9889
390180,0.9898
390183,0.9971
390184,0.9938
390185,0.9809
390192,0.9952
390194,0.9891
390195,0.9968
390197,1.0000
390198,0.9950
390199,0.9970
390201,0.9974
390203,0.9964
390204,0.9877
390211,0.9954
390217,0.9919
390219,0.9921
390220,0.9886
390222,0.9967
390223,0.9915
390225,0.9918
390226,0.9700
390228,0.9930
390231,0.9851
390233,0.9996
390236,0.9946
390237,0.9943
390256,0.9990
390258,0.9976
390263,0.9942
390265,0.9928
390266,1.0000
390267,0.9954
390268,0.9966
390270,1.0000
390272,1.0000
390278,1.0000
390290,0.9973
390302,1.0000
390304,0.9948
390307,0.9977
390312,1.0000
390314,0.9700
390316,1.0000
390318,1.0000
390321,1.0000
390322,1.0000
390323,0.9863
390324,0.9700
390325,1.0000
390326,0.9992
390327,1.0000
390328,0.9972
390329,0.9949
400001,1.0000
400003,1.0000
400004,1.0000
400005,1.0000
400006,1.0000
400007,1.0000
400009,1.0000
400010,1.0000
400011,1.0000
400012,1.0000
400013,1.0000
400014,1.0000
400015,1.0000
400016,1.0000
400018,1.0000
400019,1.0000
400021,1.0000
400022,1.0000
400024,1.0000
400026,1.0000
400032,1.0000
400044,1.0000
400048,1.0000
400061,1.0000
400079,1.0000
400087,1.0000
400098,1.0000
400102,1.0000
400103,1.0000
400104,1.0000
400105,1.0000
400106,1.0000
400109,1.0000
400110,1.0000
400111,1.0000
400112,1.0000
400113,1.0000
400114,1.0000
400115,1.0000
400117,1.0000
400118,1.0000
400120,1.0000
400121,1.0000
400122,1.0000
400123,1.0000
400124,1.0000
400125,1.0000
400126,1.0000
400127,1.0000
400128,1.0000
400130,1.0000
400131,1.0000
410001,0.9951
410004,0.9990
410005,0.9830
410006,1.0000
410007,0.9960
410008,1.0000
410009,0.9955
410010,1.0000
410011,0.9884
410012,0.9913
410013,0.9980
420002,0.9942
420004,0.9966
420005,0.9977
420007,1.0000
420009,0.9909
420010,0.9918
420011,0.9988
420015,0.9930
420016,0.9909
420018,0.9997
420019,0.9987
420020,0.9855
420023,1.0000
420026,0.9989
420027,0.9983
420030,0.9924
420033,1.0000
420036,0.9963
420037,0.9994
420038,0.9976
420039,0.9920
420043,0.9919
420048,0.9938
420049,0.9989
420051,0.9993
420053,0.9999
420054,1.0000
420055,0.9895
420057,1.0000
420062,0.9911
420065,1.0000
420066,0.9993
420067,0.9700
420068,0.9955
420069,0.9908
420070,0.9955
420071,0.9964
420072,0.9922
420073,0.9993
420078,1.0000
420079,0.9886
420080,0.9917
420082,0.9980
420083,0.9952
420085,0.9918
420086,0.9996
420087,1.0000
420089,0.9935
420091,0.9904
420098,0.9840
420101,0.9909
420102,1.0000
420103,1.0000
420104,1.0000
420105,0.9911
430005,1.0000
430008,0.9995
430012,0.9983
430013,0.9908
430014,1.0000
430015,0.9998
430016,1.0000
430027,1.0000
430048,1.0000
430077,0.9984
430081,1.0000
430082,1.0000
430083,1.0000
430084,1.0000
430089,1.0000
430090,1.0000
430091,1.0000
430092,1.0000
430093,1.0000
430094,0.9957
430095,1.0000
430096,0.9960
430097,0.9998
440001,0.9930
440002,0.9985
440003,0.9791
440006,0.9953
440007,0.9997
440008,0.9910
440009,0.9969
440010,0.9845
440011,0.9877
440012,0.9913
440015,1.0000
440016,1.0000
440017,0.9851
440018,0.9919
440020,1.0000
440025,0.9919
440029,0.9978
440030,0.9764
440031,0.9981
440032,0.9985
440033,0.9912
440034,0.9939
440035,0.9868
440039,0.9990
440040,0.9896
440046,0.9909
440047,0.9999
440048,1.0000
440049,0.9959
440050,0.9989
440051,0.9985
440053,0.9846
440054,1.0000
440056,0.9985
440057,0.9960
440058,0.9854
440059,0.9936
440060,1.0000
440061,0.9938
440063,0.9875
440064,1.0000
440065,0.9993
440067,0.9895
440068,0.9949
440070,0.9916
440072,0.9900
440073,0.9931
440081,1.0000
440082,0.9988
440083,0.9869
440084,0.9978
440091,1.0000
440102,0.9881
440104,1.0000
440109,0.9997
440110,0.9961
440111,1.0000
440115,0.9913
440120,0.9982
440125,0.9953
440130,0.9969
440131,0.9949
440132,0.9804
440133,0.9971
440137,0.9941
440141,0.9859
440144,0.9902
440148,0.9959
440150,0.9935
440151,0.9924
440152,0.9999
440153,0.9950
440156,1.0000
440159,0.9905
440161,0.9981
440168,0.9966
440173,0.9918
440174,0.9916
440175,0.9925
440176,0.9925
440180,0.9838
440181,0.9961
440182,0.9980
440183,0.9955
440184,0.9997
440185,0.9887
440187,0.9700
440189,0.9700
440192,0.9772
440193,0.9983
440194,0.9950
440197,0.9952
440200,0.9953
440218,1.0000
440227,0.9966
440228,0.9990
440231,1.0000
440232,1.0000
450002,0.9988
450005,1.0000
450007,0.9753
450010,1.0000
450011,0.9892
450015,0.9995
450018,0.9881
450021,1.0000
450023,1.0000
450024,0.9998
450028,0.9993
450029,0.9993
450032,0.9892
450033,0.9996
450034,0.9969
450035,0.9972
450037,0.9922
450039,0.9997
450040,1.0000
450042,0.9936
450044,0.9957
450046,0.9980
450051,0.9954
450052,0.9991
450054,0.9974
450055,0.9961
450056,0.9904
450058,0.9948
450064,0.9983
450068,0.9998
450072,0.9786
450073,0.9956
450078,1.0000
450079,0.9998
450080,0.9971
450082,0.9947
450083,0.9992
450085,1.0000
450087,0.9998
450090,0.9981
450092,1.0000
450097,0.9972
450099,0.9986
450101,1.0000
450102,0.9980
450104,0.9836
450107,0.9997
450108,0.9976
450119,0.9975
450124,0.9983
450128,0.9946
450130,1.0000
450132,0.9962
450133,1.0000
450135,0.9981
450137,1.0000
450143,1.0000
450144,1.0000
450147,0.9999
450148,0.9967
450152,0.9839
450154,0.9969
450155,1.0000
450162,1.0000
450163,1.0000
450165,1.0000
450176,0.9941
450177,0.9978
450178,0.9846
450184,1.0000
450187,0.9981
450188,0.9988
450192,0.9958
450193,1.0000
450194,0.9943
450196,0.9962
450200,0.9866
450203,0.9992
450209,0.9972
450210,0.9957
450211,0.9998
450213,0.9999
450214,0.9989
450219,0.9993
450221,1.0000
450222,0.9943
450229,0.9859
450231,1.0000
450235,1.0000
450236,1.0000
450237,1.0000
450241,0.9991
450243,1.0000
450253,0.9929
450270,0.9962
450271,0.9952
450272,0.9986
450280,0.9987
450283,0.9977
450289,0.9987
450292,0.9971
450293,1.0000
450296,0.9904
450299,0.9999
450306,0.9971
450324,0.9905
450330,0.9956
450340,0.9989
450346,0.9920
450347,0.9959
450348,0.9879
450351,0.9999
450352,0.9986
450358,0.9959
450369,0.9991
450370,0.9967
450372,0.9932
450373,0.9963
450379,0.9957
450388,0.9997
450389,0.9837
450395,0.9907
450399,1.0000
450400,0.9967
450403,0.9945
450411,0.9979
450419,1.0000
450422,1.0000
450424,0.9996
450431,0.9999
450446,1.0000
450447,0.9950
450451,0.9974
450460,0.9981
450462,0.9990
450465,0.9993
450469,0.9967
450475,0.9919
450484,0.9778
450488,1.0000
450489,1.0000
450497,0.9927
450498,0.9998
450508,0.9963
450518,0.9983
450537,0.9917
450539,0.9890
450558,0.9988
450563,1.0000
450565,0.9874
450571,0.9919
450573,1.0000
450578,1.0000
450580,0.9849
450584,1.0000
450586,0.9957
450587,0.9922
450591,1.0000
450596,0.9992
450597,0.9915
450604,1.0000
450605,1.0000
450610,0.9999
450615,0.9960
450617,1.0000
450620,0.9765
450634,0.9955
450638,0.9960
450639,0.9980
450641,0.9994
450643,0.9941
450644,0.9984
450647,0.9977
450651,0.9983
450653,0.9892
450654,0.9837
450656,0.9916
450658,1.0000
450659,0.9999
450661,1.0000
450662,0.9955
450668,0.9994
450669,0.9919
450670,0.9939
450672,1.0000
450674,1.0000
450675,0.9963
450677,1.0000
450678,0.9909
450683,0.9957
450684,0.9920
450686,0.9922
450688,0.9957
450690,0.9999
450694,0.9947
450697,0.9991
450698,1.0000
450702,0.9998
450709,0.9953
450711,0.9979
450713,0.9858
450716,0.9989
450718,0.9977
450723,0.9999
450730,0.9996
450742,0.9963
450743,0.9976
450746,1.0000
450747,0.9969
450749,0.9845
450754,0.9887
450755,0.9986
450766,1.0000
450770,0.9975
450771,0.9995
450774,1.0000
450775,0.9951
450779,0.9999
450780,1.0000
450788,0.9967
450795,0.9993
450796,0.9700
450797,1.0000
450801,0.9846
450803,0.9995
450804,1.0000
450808,1.0000
450809,0.9988
450813,0.9984
450820,0.9975
450822,0.9963
450825,1.0000
450827,1.0000
450828,1.0000
450831,1.0000
450832,0.9912
450833,0.9990
450834,1.0000
450839,0.9839
450840,0.9950
450841,0.9981
450844,0.9942
450845,0.9867
450847,0.9969
450848,0.9868
450851,1.0000
450853,1.0000
450855,1.0000
450856,1.0000
450860,1.0000
450862,0.9921
450864,1.0000
450865,1.0000
450867,0.9985
450869,0.9996
450871,1.0000
450872,1.0000
450874,0.9937
450875,1.0000
450876,1.0000
450877,0.9970
450880,0.9724
450883,1.0000
450884,1.0000
450885,0.9958
450886,1.0000
450888,0.9814
450889,1.0000
450890,0.9923
450891,1.0000
450893,0.9981
450894,0.9890
460001,1.0000
460003,0.9978
460004,1.0000
460005,1.0000
460006,0.9798
460007,1.0000
460009,0.9971
460010,1.0000
460011,0.9997
460013,0.9909
460014,0.9979
460015,1.0000
460017,1.0000
460019,0.9967
460021,0.9847
460023,1.0000
460026,1.0000
460030,1.0000
460033,1.0000
460035,1.0000
460039,1.0000
460041,0.9987
460042,1.0000
460043,1.0000
460044,0.9942
460047,0.9895
460049,1.0000
460051,0.9936
460052,0.9917
460054,1.0000
460057,1.0000
460058,0.9953
460059,1.0000
470001,1.0000
470003,0.9999
470005,0.9987
470011,1.0000
470012,0.9999
470024,0.9975
490001,0.9898
490002,0.9700
490004,0.9953
490005,0.9853
490007,1.0000
490009,0.9950
490011,0.9962
490012,0.9933
490013,0.9996
490017,0.9968
490018,1.0000
490019,0.9713
490020,0.9972
490021,0.9890
490022,0.9978
490023,0.9700
490024,0.9947
490032,0.9931
490033,0.9898
490037,0.9981
490038,0.9947
490040,0.9925
490041,0.9987
490042,0.9936
490043,0.9957
490044,0.9935
490045,0.9956
490046,0.9998
490048,0.9866
490050,0.9976
490052,0.9988
490053,0.9700
490057,0.9905
490059,0.9975
490060,0.9811
490063,0.9997
490066,0.9970
490067,0.9830
490069,0.9966
490075,0.9868
490077,0.9804
490079,0.9957
490084,0.9853
490088,0.9987
490089,0.9974
490090,0.9856
490092,0.9926
490093,0.9976
490094,0.9999
490097,0.9700
490098,0.9946
490101,0.9807
490104,1.0000
490105,1.0000
490106,1.0000
490107,0.9700
490109,1.0000
490110,0.9773
490111,0.9993
490112,0.9874
490113,0.9879
490114,0.9939
490115,1.0000
490116,0.9815
490117,0.9940
490118,1.0000
490119,0.9964
490120,0.9849
490122,0.9971
490123,1.0000
490126,0.9715
490127,0.9920
490130,0.9911
490134,1.0000
490135,1.0000
490136,0.9930
490140,0.9879
490141,0.9953
490143,1.0000
500001,0.9996
500002,1.0000
500003,0.9935
500005,0.9996
500007,0.9926
500008,0.9981
500011,1.0000
500012,0.9945
500014,1.0000
500015,0.9972
500016,1.0000
500019,0.9974
500021,0.9881
500024,1.0000
500025,1.0000
500026,0.9983
500027,0.9988
500030,1.0000
500031,0.9962
500033,0.9790
500036,0.9994
500037,0.9912
500039,0.9998
500041,0.9993
500044,1.0000
500049,0.9959
500050,0.9917
500051,0.9986
500052,1.0000
500053,0.9944
500054,1.0000
500058,1.0000
500060,0.9984
500064,0.9998
500072,1.0000
500077,0.9933
500079,0.9918
500084,1.0000
500088,0.9983
500108,0.9902
500119,0.9800
500124,1.0000
500129,0.9977
500139,0.9993
500141,0.9890
500148,1.0000
500150,0.9949
500151,0.9994
500152,0.9931
510001,0.9924
510002,0.9883
510006,0.9965
510007,0.9960
510008,0.9922
510012,0.9965
510013,0.9934
510022,0.9962
510023,0.9977
510024,0.9920
510029,0.9957
510030,0.9700
510031,0.9974
510038,0.9702
510039,0.9906
510046,0.9813
510047,0.9951
510048,0.9764
510050,0.9864
510053,0.9979
510055,0.9976
510058,0.9882
510062,0.9876
510070,0.9878
510071,0.9935
510072,0.9996
510077,0.9700
510082,0.9976
510085,0.9962
510086,0.9920
520002,0.9841
520004,1.0000
520008,0.9915
520009,0.9933
520011,0.9996
520013,1.0000
520017,1.0000
520019,0.9948
520021,0.9913
520027,0.9952
520028,1.0000
520030,1.0000
520033,0.9985
520034,0.9877
520035,1.0000
520037,0.9980
520038,0.9876
520041,0.9948
520044,0.9989
520045,0.9999
520048,0.9989
520049,0.9997
520051,0.9977
520057,0.9998
520059,0.9987
520062,0.9988
520063,0.9934
520066,0.9978
520070,1.0000
520071,0.9982
520075,0.9995
520076,0.9998
520078,0.9949
520083,0.9897
520087,1.0000
520088,0.9988
520089,0.9952
520091,1.0000
520095,1.0000
520096,0.9959
520097,0.9980
520098,0.9998
520100,0.9998
520102,0.9980
520103,0.9980
520107,0.9942
520109,0.9986
520113,1.0000
520116,0.9999
520136,0.9974
520138,0.9941
520139,0.9931
520160,1.0000
520177,0.9890
520189,0.9878
520193,0.9986
520194,1.0000
520196,1.0000
520198,1.0000
520202,1.0000
520204,0.9978
520205,1.0000
520206,1.0000
520207,0.9922
520208,0.9909
530002,0.9944
530006,1.0000
530008,0.9968
530010,0.9968
530011,0.9987
530012,0.9919
530014,0.9983
530015,0.9919
530025,0.9983
530032,0.9984
530033,1.0000
670002,1.0000
670004,0.9980
670005,1.0000
670006,1.0000
670008,1.0000
670012,0.9742
670018,1.0000
670019,1.0000
670023,0.9987
670024,0.9980
670025,0.9992
670029,1.0000
670031,0.9911
670034,0.9987
670041,1.0000
670043,0.9903
670044,0.9888
670046,0.9933
670047,0.9965
670049,1.0000
670050,1.0000
670052,0.9990
670053,0.9998
670054,1.0000
670055,0.9992
670056,0.9963
670058,1.0000
670059,1.0000
670060,0.9977
670061,1.0000
670062,1.0000
670064,1.0000
670066,1.0000
670067,0.9700
670068,0.9964
670069,1.0000
670071,1.0000
670072,1.0000
670073,1.0000
670075,0.9990
670076,1.0000
670077,0.9989
670078,1.0000
670079,0.9984
670080,0.9979
670081,1.0000
670082,0.9920
670083,1.0000
670085,1.0000
670087,1.0000
670088,1.0000
670089,1.0000
